,id,MRR
0,202,358.46080946121225
1,203,359.03873170196925
2,204,358.26816871429327
3,205,359.5203335692667
4,206,363.66210962802495
5,207,361.92834290575405
6,211,360.6761780507806
7,214,357.7865668469958
8,215,363.08418738726795
9,216,357.7865668469958
10,217,361.73570215883507
11,218,360.00193543656417
12,219,357.7865668469958
13,221,360.4835373038616
14,223,365.01059485645783
15,224,365.2032356033768
16,225,365.01059485645783
17,227,360.29089655694264
18,260,357.7865668469958
19,261,357.8828872204553
20,262,360.19457618348315
21,264,361.2541002915376
22,266,361.2541002915376
23,267,357.8828872204553
24,268,359.13505207542875
25,275,362.02466327921354
26,277,364.91427448299834
27,278,363.3731485076465
28,281,359.03873170196925
29,283,358.8460909550503
30,284,358.46080946121225
31,285,359.7129743161857
32,286,363.3731485076465
33,287,365.49219672375534
34,288,361.2541002915376
35,289,365.1069152299173
36,290,358.26816871429327
37,291,357.8828872204553
38,292,359.23137244888824
39,293,360.00193543656417
40,294,359.5203335692667
41,296,360.4835373038616
42,298,358.1718483408338
43,299,363.56578925456546
44,300,357.7865668469958
45,301,357.8828872204553
46,302,360.19457618348315
47,305,364.4326726157009
48,306,358.94241132850976
49,307,360.96513917115914
50,310,361.73570215883507
51,311,363.46946888110597
52,314,358.6534502081313
53,315,360.19457618348315
54,316,359.13505207542875
55,317,359.7129743161857
56,318,364.81795410953885
57,320,361.3504206649971
58,321,360.09825581002366
59,322,360.19457618348315
60,323,357.7865668469958
61,324,360.29089655694264
62,325,362.12098365267303
63,326,362.6025855199705
64,327,361.06145954461863
65,328,357.7865668469958
66,331,359.4240131958072
67,332,361.3504206649971
68,333,358.6534502081313
69,334,365.2032356033768
70,335,360.09825581002366
71,336,359.7129743161857
72,337,363.46946888110597
73,338,362.2173040261325
74,339,359.5203335692667
75,340,364.3363522422414
76,341,358.46080946121225
77,342,362.02466327921354
78,343,360.5798576773211
79,344,358.46080946121225
80,345,358.6534502081313
81,346,358.0755279673743
82,347,361.92834290575405
83,350,358.26816871429327
84,351,357.7865668469958
85,352,360.09825581002366
86,354,364.62531336261986
87,355,365.2032356033768
88,356,361.73570215883507
89,357,360.7724984242401
90,358,360.86881879769965
91,359,358.1718483408338
92,360,359.32769282234773
93,361,359.13505207542875
94,362,358.0755279673743
95,364,360.4835373038616
96,365,358.26816871429327
97,368,361.3504206649971
98,369,360.09825581002366
99,370,359.23137244888824
100,371,361.06145954461863
101,372,357.7865668469958
102,373,360.4835373038616
103,374,359.13505207542875
104,375,364.2400318687819
105,378,362.506265146511
106,380,365.1069152299173
107,381,360.5798576773211
108,384,358.94241132850976
109,385,359.5203335692667
110,387,364.3363522422414
111,389,358.55712983467174
112,390,360.38721693040213
113,391,359.4240131958072
114,394,358.55712983467174
115,396,357.7865668469958
116,397,362.98786701380845
117,398,360.96513917115914
118,400,360.7724984242401
119,401,361.4467410384566
120,404,360.4835373038616
121,405,361.5430614119161
122,406,358.1718483408338
123,407,361.4467410384566
124,411,361.3504206649971
125,412,357.7865668469958
126,413,359.9056150631047
127,414,360.19457618348315
128,415,360.7724984242401
129,417,357.7865668469958
130,419,359.03873170196925
131,421,363.56578925456546
132,422,360.7724984242401
133,424,362.12098365267303
134,425,365.01059485645783
135,426,359.8092946896452
136,429,360.29089655694264
137,430,361.2541002915376
138,431,365.1069152299173
139,432,358.0755279673743
140,433,364.5289929891604
141,435,357.7865668469958
142,438,362.7952262668895
143,439,361.73570215883507
144,440,362.4099447730515
145,441,358.46080946121225
146,448,357.9792075939148
147,449,362.4099447730515
148,450,360.29089655694264
149,452,359.7129743161857
150,453,358.6534502081313
151,454,362.12098365267303
152,455,360.38721693040213
153,456,357.7865668469958
154,457,359.23137244888824
155,458,359.13505207542875
156,461,358.7497705815908
157,462,359.32769282234773
158,463,360.4835373038616
159,464,361.6393817853756
160,466,360.29089655694264
161,467,359.5203335692667
162,468,360.19457618348315
163,469,357.7865668469958
164,470,358.1718483408338
165,472,357.8828872204553
166,473,364.1437114953224
167,474,360.00193543656417
168,475,361.3504206649971
169,478,360.96513917115914
170,483,363.75843000148444
171,484,361.6393817853756
172,486,358.1718483408338
173,487,361.06145954461863
174,489,359.8092946896452
175,490,360.96513917115914
176,492,363.3731485076465
177,493,361.3504206649971
178,494,358.55712983467174
179,497,361.2541002915376
180,498,358.8460909550503
181,499,357.7865668469958
182,500,358.94241132850976
183,501,361.73570215883507
184,503,364.81795410953885
185,504,358.94241132850976
186,506,358.55712983467174
187,508,359.9056150631047
188,510,362.2173040261325
189,511,360.5798576773211
190,514,358.94241132850976
191,515,357.7865668469958
192,516,359.7129743161857
193,517,360.00193543656417
194,518,362.12098365267303
195,522,359.03873170196925
196,523,361.06145954461863
197,524,361.92834290575405
198,529,361.3504206649971
199,530,359.23137244888824
200,531,361.6393817853756
201,532,358.94241132850976
202,533,361.83202253229456
203,534,357.8828872204553
204,535,359.13505207542875
205,536,363.75843000148444
206,539,357.7865668469958
207,540,358.6534502081313
208,541,360.86881879769965
209,544,358.0755279673743
210,545,357.7865668469958
211,547,357.8828872204553
212,548,357.8828872204553
213,549,359.4240131958072
214,550,360.7724984242401
215,551,358.7497705815908
216,552,363.85475037494393
217,554,364.81795410953885
218,555,357.7865668469958
219,556,360.19457618348315
220,559,365.3958763502958
221,561,361.1577799180781
222,562,357.8828872204553
223,563,357.9792075939148
224,565,358.94241132850976
225,566,358.8460909550503
226,567,360.5798576773211
227,568,359.13505207542875
228,569,358.8460909550503
229,571,358.46080946121225
230,572,360.00193543656417
231,573,358.55712983467174
232,575,358.1718483408338
233,576,359.9056150631047
234,579,357.7865668469958
235,581,362.02466327921354
236,582,363.18050776072744
237,583,357.9792075939148
238,584,362.12098365267303
239,586,359.8092946896452
240,587,360.86881879769965
241,588,359.4240131958072
242,591,358.7497705815908
243,592,360.86881879769965
244,593,357.7865668469958
245,594,360.00193543656417
246,595,362.98786701380845
247,596,359.4240131958072
248,597,358.6534502081313
249,600,360.19457618348315
250,602,362.02466327921354
251,604,358.7497705815908
252,605,358.94241132850976
253,606,361.6393817853756
254,608,362.02466327921354
255,609,362.12098365267303
256,610,357.9792075939148
257,611,359.4240131958072
258,614,358.36448908775276
259,615,363.9510707484034
260,616,357.7865668469958
261,617,362.506265146511
262,619,359.13505207542875
263,620,361.83202253229456
264,622,358.46080946121225
265,624,358.0755279673743
266,625,360.96513917115914
267,626,359.8092946896452
268,627,360.86881879769965
269,629,360.38721693040213
270,631,360.96513917115914
271,632,360.29089655694264
272,633,359.23137244888824
273,635,361.5430614119161
274,636,360.00193543656417
275,638,361.4467410384566
276,640,360.96513917115914
277,643,362.02466327921354
278,645,362.02466327921354
279,646,358.1718483408338
280,647,361.3504206649971
281,650,359.9056150631047
282,652,362.02466327921354
283,653,357.8828872204553
284,655,359.6166539427262
285,657,358.0755279673743
286,658,357.8828872204553
287,659,363.85475037494393
288,660,363.9510707484034
289,661,357.7865668469958
290,662,357.7865668469958
291,663,362.12098365267303
292,664,362.02466327921354
293,665,363.46946888110597
294,666,363.46946888110597
295,668,357.9792075939148
296,669,361.6393817853756
297,670,364.62531336261986
298,671,361.92834290575405
299,675,357.7865668469958
300,678,363.66210962802495
301,679,360.5798576773211
302,680,364.4326726157009
303,681,359.8092946896452
304,682,358.0755279673743
305,683,357.7865668469958
306,684,364.5289929891604
307,685,363.66210962802495
308,687,357.7865668469958
309,688,358.36448908775276
310,689,357.7865668469958
311,690,358.55712983467174
312,691,357.9792075939148
313,693,363.3731485076465
314,694,359.9056150631047
315,696,359.4240131958072
316,697,357.7865668469958
317,699,357.7865668469958
318,700,361.4467410384566
319,701,363.3731485076465
320,702,360.7724984242401
321,704,360.09825581002366
322,705,360.00193543656417
323,706,362.6025855199705
324,707,358.46080946121225
325,708,358.46080946121225
326,709,358.55712983467174
327,711,359.5203335692667
328,712,357.7865668469958
329,713,361.4467410384566
330,714,358.36448908775276
331,716,357.7865668469958
332,717,357.9792075939148
333,719,358.7497705815908
334,720,361.83202253229456
335,721,357.9792075939148
336,722,362.313624399592
337,723,359.7129743161857
338,724,357.7865668469958
339,726,363.66210962802495
340,727,357.7865668469958
341,730,362.6025855199705
342,731,360.09825581002366
343,732,358.36448908775276
344,733,363.276828134187
345,736,360.09825581002366
346,737,361.1577799180781
347,738,361.1577799180781
348,739,361.5430614119161
349,740,361.83202253229456
350,741,359.13505207542875
351,742,360.19457618348315
352,743,360.00193543656417
353,744,359.9056150631047
354,745,358.0755279673743
355,746,359.6166539427262
356,747,358.1718483408338
357,748,361.06145954461863
358,749,363.276828134187
359,752,364.62531336261986
360,753,361.92834290575405
361,754,363.46946888110597
362,755,361.06145954461863
363,756,359.23137244888824
364,757,358.36448908775276
365,758,363.18050776072744
366,761,360.19457618348315
367,762,358.36448908775276
368,764,357.7865668469958
369,765,358.55712983467174
370,767,363.66210962802495
371,768,360.19457618348315
372,769,360.96513917115914
373,770,357.7865668469958
374,771,357.7865668469958
375,772,358.26816871429327
376,774,360.96513917115914
377,776,363.56578925456546
378,778,361.4467410384566
379,779,365.3958763502958
380,780,360.5798576773211
381,783,363.75843000148444
382,786,360.4835373038616
383,791,362.4099447730515
384,792,360.38721693040213
385,794,361.83202253229456
386,795,363.9510707484034
387,796,360.6761780507806
388,799,360.09825581002366
389,800,360.96513917115914
390,801,360.29089655694264
391,802,360.09825581002366
392,803,360.6761780507806
393,805,359.03873170196925
394,806,363.66210962802495
395,807,357.7865668469958
396,808,358.7497705815908
397,810,360.00193543656417
398,812,362.313624399592
399,813,359.32769282234773
400,814,358.7497705815908
401,815,357.7865668469958
402,816,359.23137244888824
403,817,358.26816871429327
404,819,361.1577799180781
405,820,360.38721693040213
406,821,360.19457618348315
407,822,357.7865668469958
408,824,363.46946888110597
409,827,363.3731485076465
410,829,360.7724984242401
411,831,359.7129743161857
412,832,360.38721693040213
413,833,361.83202253229456
414,837,359.03873170196925
415,838,362.7952262668895
416,841,361.83202253229456
417,842,358.8460909550503
418,845,362.2173040261325
419,846,361.4467410384566
420,847,360.09825581002366
421,848,359.13505207542875
422,850,359.03873170196925
423,852,358.7497705815908
424,853,361.83202253229456
425,854,363.85475037494393
426,857,363.56578925456546
427,858,362.12098365267303
428,859,358.46080946121225
429,860,357.7865668469958
430,861,361.2541002915376
431,862,359.8092946896452
432,865,357.7865668469958
433,866,361.1577799180781
434,867,361.83202253229456
435,868,362.313624399592
436,869,357.8828872204553
437,870,358.26816871429327
438,873,360.5798576773211
439,874,363.56578925456546
440,876,359.6166539427262
441,877,359.32769282234773
442,879,360.96513917115914
443,880,363.276828134187
444,882,359.23137244888824
445,883,357.9792075939148
446,884,360.09825581002366
447,885,361.2541002915376
448,886,362.6025855199705
449,888,361.5430614119161
450,889,358.36448908775276
451,890,362.313624399592
452,891,362.313624399592
453,892,365.2032356033768
454,894,361.1577799180781
455,895,361.83202253229456
456,897,363.276828134187
457,898,360.6761780507806
458,899,358.6534502081313
459,901,358.6534502081313
460,903,363.9510707484034
461,905,358.94241132850976
462,907,364.3363522422414
463,908,359.23137244888824
464,910,364.1437114953224
465,911,360.00193543656417
466,912,362.02466327921354
467,914,363.66210962802495
468,915,361.5430614119161
469,916,362.7952262668895
470,917,359.6166539427262
471,918,361.6393817853756
472,919,360.09825581002366
473,920,361.5430614119161
474,922,365.1069152299173
475,924,362.02466327921354
476,927,362.4099447730515
477,929,361.1577799180781
478,930,357.8828872204553
479,932,359.8092946896452
480,933,358.7497705815908
481,934,361.92834290575405
482,936,359.4240131958072
483,940,364.2400318687819
484,941,358.7497705815908
485,942,364.2400318687819
486,943,361.5430614119161
487,944,358.1718483408338
488,945,358.36448908775276
489,946,359.6166539427262
490,947,361.4467410384566
491,948,362.12098365267303
492,949,357.7865668469958
493,950,360.6761780507806
494,952,365.49219672375534
495,954,360.4835373038616
496,955,360.38721693040213
497,956,360.6761780507806
498,957,357.8828872204553
499,958,359.4240131958072
500,960,359.32769282234773
501,961,362.12098365267303
502,963,361.4467410384566
503,966,358.36448908775276
504,967,360.09825581002366
505,968,362.12098365267303
506,969,361.83202253229456
507,971,357.7865668469958
508,972,364.3363522422414
509,973,365.3958763502958
510,976,359.23137244888824
511,977,359.13505207542875
512,978,357.9792075939148
513,979,358.94241132850976
514,980,357.9792075939148
515,981,359.03873170196925
516,982,362.2173040261325
517,984,360.38721693040213
518,986,360.29089655694264
519,987,359.03873170196925
520,988,358.55712983467174
521,989,358.0755279673743
522,990,365.1069152299173
523,992,359.5203335692667
524,993,358.46080946121225
525,995,357.7865668469958
526,997,364.1437114953224
527,998,361.83202253229456
528,999,359.03873170196925
529,1000,363.56578925456546
530,1007,362.2173040261325
531,1008,358.6534502081313
532,1009,364.0473911218629
533,1010,358.6534502081313
534,1011,361.83202253229456
535,1012,361.06145954461863
536,1013,359.13505207542875
537,1016,358.36448908775276
538,1017,363.56578925456546
539,1018,361.2541002915376
540,1019,361.1577799180781
541,1020,359.4240131958072
542,1021,361.4467410384566
543,1023,357.9792075939148
544,1025,361.1577799180781
545,1026,360.38721693040213
546,1027,359.5203335692667
547,1029,363.85475037494393
548,1031,358.6534502081313
549,1034,363.276828134187
550,1035,361.3504206649971
551,1036,358.46080946121225
552,1037,360.19457618348315
553,1038,359.7129743161857
554,1040,360.4835373038616
555,1041,358.46080946121225
556,1042,364.91427448299834
557,1043,364.81795410953885
558,1045,361.06145954461863
559,1046,359.32769282234773
560,1048,362.89154664034896
561,1049,365.1069152299173
562,1050,364.2400318687819
563,1053,358.8460909550503
564,1054,360.00193543656417
565,1055,357.7865668469958
566,1056,361.4467410384566
567,1057,360.09825581002366
568,1058,359.03873170196925
569,1059,360.4835373038616
570,1060,362.12098365267303
571,1061,361.1577799180781
572,1063,361.1577799180781
573,1064,360.7724984242401
574,1065,360.19457618348315
575,1067,360.38721693040213
576,1070,363.3731485076465
577,1077,362.12098365267303
578,1079,358.1718483408338
579,1080,357.7865668469958
580,1082,361.6393817853756
581,1083,360.6761780507806
582,1084,357.8828872204553
583,1085,359.7129743161857
584,1086,361.83202253229456
585,1087,363.66210962802495
586,1088,359.9056150631047
587,1090,359.7129743161857
588,1091,360.09825581002366
589,1092,359.23137244888824
590,1093,363.08418738726795
591,1094,363.56578925456546
592,1095,361.73570215883507
593,1096,360.00193543656417
594,1098,359.8092946896452
595,1099,357.7865668469958
596,1100,360.29089655694264
597,1102,362.2173040261325
598,1103,359.6166539427262
599,1105,361.5430614119161
600,1106,357.7865668469958
601,1108,358.1718483408338
602,1109,361.6393817853756
603,1110,361.3504206649971
604,1111,363.85475037494393
605,1113,358.26816871429327
606,1114,357.8828872204553
607,1116,359.32769282234773
608,1118,360.6761780507806
609,1119,363.46946888110597
610,1120,359.4240131958072
611,1121,361.83202253229456
612,1122,359.9056150631047
613,1123,363.66210962802495
614,1124,364.62531336261986
615,1128,363.75843000148444
616,1129,360.38721693040213
617,1130,363.9510707484034
618,1132,358.26816871429327
619,1134,357.9792075939148
620,1137,360.19457618348315
621,1139,364.91427448299834
622,1143,364.1437114953224
623,1146,362.98786701380845
624,1148,359.23137244888824
625,1149,360.7724984242401
626,1152,361.06145954461863
627,1153,364.72163373607935
628,1155,359.4240131958072
629,1158,359.9056150631047
630,1159,359.9056150631047
631,1160,360.4835373038616
632,1161,359.5203335692667
633,1163,358.55712983467174
634,1164,361.3504206649971
635,1165,359.9056150631047
636,1168,357.7865668469958
637,1169,361.1577799180781
638,1170,361.5430614119161
639,1171,360.96513917115914
640,1173,364.91427448299834
641,1176,360.09825581002366
642,1178,363.66210962802495
643,1180,359.9056150631047
644,1181,361.06145954461863
645,1182,360.00193543656417
646,1184,358.6534502081313
647,1187,358.55712983467174
648,1188,363.66210962802495
649,1192,357.7865668469958
650,1193,362.506265146511
651,1195,358.8460909550503
652,1196,360.19457618348315
653,1197,362.02466327921354
654,1198,362.69890589343
655,1199,357.7865668469958
656,1201,361.73570215883507
657,1202,358.36448908775276
658,1203,360.19457618348315
659,1204,363.3731485076465
660,1205,364.3363522422414
661,1206,357.9792075939148
662,1208,360.38721693040213
663,1209,361.73570215883507
664,1210,360.00193543656417
665,1212,359.13505207542875
666,1213,359.9056150631047
667,1214,360.19457618348315
668,1216,357.8828872204553
669,1219,357.7865668469958
670,1220,361.06145954461863
671,1221,361.83202253229456
672,1223,361.6393817853756
673,1227,359.9056150631047
674,1228,360.00193543656417
675,1229,360.5798576773211
676,1230,360.00193543656417
677,1231,360.19457618348315
678,1232,362.6025855199705
679,1233,358.46080946121225
680,1234,361.06145954461863
681,1235,360.5798576773211
682,1238,363.08418738726795
683,1239,357.8828872204553
684,1240,358.8460909550503
685,1241,360.09825581002366
686,1245,358.0755279673743
687,1250,359.23137244888824
688,1251,358.26816871429327
689,1254,361.3504206649971
690,1255,361.2541002915376
691,1256,364.91427448299834
692,1258,361.3504206649971
693,1259,360.96513917115914
694,1260,360.19457618348315
695,1262,362.02466327921354
696,1264,363.3731485076465
697,1265,361.92834290575405
698,1266,359.9056150631047
699,1267,364.1437114953224
700,1268,359.7129743161857
701,1269,358.0755279673743
702,1270,361.2541002915376
703,1271,358.7497705815908
704,1275,360.19457618348315
705,1276,359.03873170196925
706,1278,357.8828872204553
707,1279,360.96513917115914
708,1280,364.0473911218629
709,1281,360.86881879769965
710,1282,360.38721693040213
711,1283,360.29089655694264
712,1284,359.9056150631047
713,1285,359.6166539427262
714,1289,360.00193543656417
715,1291,358.8460909550503
716,1292,357.7865668469958
717,1293,361.1577799180781
718,1294,360.7724984242401
719,1295,360.4835373038616
720,1296,359.32769282234773
721,1297,358.46080946121225
722,1301,361.92834290575405
723,1303,362.506265146511
724,1306,358.26816871429327
725,1307,363.66210962802495
726,1308,358.55712983467174
727,1309,361.6393817853756
728,1310,359.7129743161857
729,1311,359.03873170196925
730,1314,361.3504206649971
731,1315,358.46080946121225
732,1317,364.4326726157009
733,1319,360.09825581002366
734,1322,361.3504206649971
735,1323,357.9792075939148
736,1325,361.4467410384566
737,1327,360.96513917115914
738,1329,358.7497705815908
739,1330,358.94241132850976
740,1331,359.32769282234773
741,1332,360.4835373038616
742,1333,364.3363522422414
743,1337,360.4835373038616
744,1338,361.5430614119161
745,1339,357.9792075939148
746,1340,363.66210962802495
747,1341,360.96513917115914
748,1342,364.4326726157009
749,1343,361.2541002915376
750,1345,362.313624399592
751,1346,359.9056150631047
752,1347,358.7497705815908
753,1348,358.94241132850976
754,1349,359.23137244888824
755,1350,360.19457618348315
756,1351,357.7865668469958
757,1352,361.3504206649971
758,1353,362.506265146511
759,1354,358.46080946121225
760,1355,360.96513917115914
761,1356,358.7497705815908
762,1357,360.00193543656417
763,1358,361.4467410384566
764,1360,358.94241132850976
765,1361,361.6393817853756
766,1362,358.36448908775276
767,1363,359.7129743161857
768,1364,360.09825581002366
769,1365,361.1577799180781
770,1367,364.0473911218629
771,1368,364.0473911218629
772,1371,363.3731485076465
773,1372,360.09825581002366
774,1374,359.8092946896452
775,1375,358.46080946121225
776,1378,361.5430614119161
777,1379,360.38721693040213
778,1380,358.46080946121225
779,1381,360.09825581002366
780,1383,362.313624399592
781,1384,361.1577799180781
782,1386,361.92834290575405
783,1387,363.9510707484034
784,1389,363.85475037494393
785,1390,358.8460909550503
786,1391,360.4835373038616
787,1392,357.7865668469958
788,1394,358.55712983467174
789,1397,363.85475037494393
790,1398,362.506265146511
791,1399,361.5430614119161
792,1400,357.7865668469958
793,1401,362.69890589343
794,1402,358.7497705815908
795,1403,358.7497705815908
796,1404,358.8460909550503
797,1407,361.4467410384566
798,1408,361.06145954461863
799,1409,357.8828872204553
800,1410,358.7497705815908
801,1411,363.276828134187
802,1412,360.5798576773211
803,1413,357.7865668469958
804,1414,361.3504206649971
805,1415,358.6534502081313
806,1416,360.19457618348315
807,1418,357.7865668469958
808,1419,358.7497705815908
809,1420,363.56578925456546
810,1422,358.26816871429327
811,1423,362.69890589343
812,1424,359.23137244888824
813,1427,360.19457618348315
814,1428,364.1437114953224
815,1429,359.4240131958072
816,1430,359.23137244888824
817,1431,362.313624399592
818,1432,360.29089655694264
819,1434,359.8092946896452
820,1435,357.7865668469958
821,1436,357.7865668469958
822,1437,357.7865668469958
823,1438,359.23137244888824
824,1439,361.06145954461863
825,1444,358.8460909550503
826,1445,360.4835373038616
827,1447,361.92834290575405
828,1448,361.1577799180781
829,1449,358.0755279673743
830,1450,361.2541002915376
831,1452,358.46080946121225
832,1453,361.5430614119161
833,1454,360.96513917115914
834,1455,360.6761780507806
835,1456,364.0473911218629
836,1458,360.96513917115914
837,1460,358.6534502081313
838,1462,362.2173040261325
839,1463,357.7865668469958
840,1465,359.9056150631047
841,1466,359.5203335692667
842,1468,361.2541002915376
843,1470,361.92834290575405
844,1472,357.7865668469958
845,1473,361.92834290575405
846,1475,359.7129743161857
847,1476,357.9792075939148
848,1477,357.9792075939148
849,1478,357.7865668469958
850,1479,359.5203335692667
851,1480,360.96513917115914
852,1482,361.4467410384566
853,1484,357.7865668469958
854,1487,360.29089655694264
855,1489,361.6393817853756
856,1490,359.32769282234773
857,1491,360.19457618348315
858,1493,358.26816871429327
859,1494,360.09825581002366
860,1496,359.9056150631047
861,1497,359.4240131958072
862,1498,362.12098365267303
863,1500,358.6534502081313
864,1501,360.19457618348315
865,1503,360.86881879769965
866,1505,360.19457618348315
867,1508,361.73570215883507
868,1509,363.66210962802495
869,1512,360.00193543656417
870,1513,360.38721693040213
871,1514,360.09825581002366
872,1517,360.19457618348315
873,1519,360.4835373038616
874,1520,363.75843000148444
875,1522,360.7724984242401
876,1523,358.0755279673743
877,1524,357.7865668469958
878,1525,359.9056150631047
879,1526,358.6534502081313
880,1527,358.6534502081313
881,1528,361.5430614119161
882,1529,362.12098365267303
883,1530,360.09825581002366
884,1531,362.98786701380845
885,1532,360.96513917115914
886,1533,360.4835373038616
887,1534,361.3504206649971
888,1535,357.7865668469958
889,1536,357.9792075939148
890,1537,359.4240131958072
891,1538,357.7865668469958
892,1539,358.94241132850976
893,1541,358.6534502081313
894,1542,362.12098365267303
895,1543,365.1069152299173
896,1548,359.13505207542875
897,1549,357.8828872204553
898,1550,358.55712983467174
899,1551,363.3731485076465
900,1552,358.46080946121225
901,1553,360.19457618348315
902,1554,357.7865668469958
903,1555,360.19457618348315
904,1556,363.08418738726795
905,1558,360.86881879769965
906,1560,361.83202253229456
907,1561,361.6393817853756
908,1562,358.0755279673743
909,1564,363.75843000148444
910,1565,360.86881879769965
911,1566,358.7497705815908
912,1567,360.38721693040213
913,1568,357.7865668469958
914,1569,358.46080946121225
915,1571,358.94241132850976
916,1572,357.8828872204553
917,1573,360.00193543656417
918,1574,361.2541002915376
919,1575,365.01059485645783
920,1577,359.32769282234773
921,1578,359.13505207542875
922,1579,359.9056150631047
923,1580,362.98786701380845
924,1581,357.8828872204553
925,1582,361.2541002915376
926,1586,360.09825581002366
927,1587,362.4099447730515
928,1588,358.1718483408338
929,1589,358.8460909550503
930,1590,360.00193543656417
931,1591,357.9792075939148
932,1592,363.18050776072744
933,1594,358.26816871429327
934,1598,362.4099447730515
935,1600,361.1577799180781
936,1603,363.56578925456546
937,1606,362.313624399592
938,1607,360.4835373038616
939,1609,361.3504206649971
940,1611,359.9056150631047
941,1612,365.01059485645783
942,1614,361.5430614119161
943,1615,360.00193543656417
944,1616,360.09825581002366
945,1617,360.29089655694264
946,1618,360.5798576773211
947,1619,359.03873170196925
948,1620,360.09825581002366
949,1622,360.96513917115914
950,1624,364.2400318687819
951,1625,361.5430614119161
952,1626,358.6534502081313
953,1627,358.1718483408338
954,1628,358.46080946121225
955,1634,361.1577799180781
956,1635,361.83202253229456
957,1637,360.09825581002366
958,1640,357.9792075939148
959,1642,363.66210962802495
960,1643,360.00193543656417
961,1646,360.00193543656417
962,1648,362.313624399592
963,1649,361.5430614119161
964,1650,357.7865668469958
965,1652,362.12098365267303
966,1653,359.5203335692667
967,1655,361.92834290575405
968,1657,364.2400318687819
969,1664,359.32769282234773
970,1665,361.83202253229456
971,1669,363.46946888110597
972,1670,361.5430614119161
973,1671,360.96513917115914
974,1672,363.56578925456546
975,1674,357.8828872204553
976,1677,361.6393817853756
977,1678,363.276828134187
978,1679,358.1718483408338
979,1680,360.38721693040213
980,1681,361.73570215883507
981,1682,359.7129743161857
982,1684,360.5798576773211
983,1685,364.1437114953224
984,1686,357.7865668469958
985,1687,360.00193543656417
986,1688,358.46080946121225
987,1690,364.5289929891604
988,1692,359.6166539427262
989,1694,357.7865668469958
990,1696,359.5203335692667
991,1697,364.3363522422414
992,1698,360.19457618348315
993,1699,361.6393817853756
994,1700,358.36448908775276
995,1701,360.7724984242401
996,1703,363.46946888110597
997,1704,360.00193543656417
998,1706,359.4240131958072
999,1708,359.13505207542875
1000,1709,357.8828872204553
1001,1710,357.7865668469958
1002,1711,364.0473911218629
1003,1712,357.7865668469958
1004,1713,360.09825581002366
1005,1714,363.56578925456546
1006,1715,364.3363522422414
1007,1716,360.86881879769965
1008,1717,360.29089655694264
1009,1718,358.6534502081313
1010,1720,360.09825581002366
1011,1721,358.26816871429327
1012,1722,361.92834290575405
1013,1723,359.13505207542875
1014,1724,362.69890589343
1015,1726,362.506265146511
1016,1728,358.94241132850976
1017,1730,358.36448908775276
1018,1731,357.7865668469958
1019,1733,358.6534502081313
1020,1734,358.94241132850976
1021,1738,360.29089655694264
1022,1739,362.12098365267303
1023,1742,357.9792075939148
1024,1743,360.00193543656417
1025,1744,359.9056150631047
1026,1746,361.6393817853756
1027,1747,362.6025855199705
1028,1748,362.7952262668895
1029,1749,359.5203335692667
1030,1751,360.38721693040213
1031,1753,360.7724984242401
1032,1754,357.9792075939148
1033,1755,361.83202253229456
1034,1756,357.7865668469958
1035,1758,360.38721693040213
1036,1759,363.56578925456546
1037,1760,359.03873170196925
1038,1763,360.00193543656417
1039,1764,361.2541002915376
1040,1765,363.9510707484034
1041,1768,359.5203335692667
1042,1769,361.5430614119161
1043,1770,363.75843000148444
1044,1771,362.4099447730515
1045,1772,358.6534502081313
1046,1773,361.3504206649971
1047,1777,361.92834290575405
1048,1778,361.83202253229456
1049,1779,363.56578925456546
1050,1782,361.92834290575405
1051,1783,358.7497705815908
1052,1784,359.9056150631047
1053,1785,357.8828872204553
1054,1786,357.7865668469958
1055,1787,364.1437114953224
1056,1789,357.7865668469958
1057,1790,361.3504206649971
1058,1791,360.38721693040213
1059,1792,360.09825581002366
1060,1793,362.2173040261325
1061,1794,357.7865668469958
1062,1797,359.13505207542875
1063,1798,365.49219672375534
1064,1799,363.56578925456546
1065,1800,360.7724984242401
1066,1804,359.23137244888824
1067,1805,359.23137244888824
1068,1806,360.29089655694264
1069,1808,365.3958763502958
1070,1809,361.73570215883507
1071,1810,357.9792075939148
1072,1811,358.46080946121225
1073,1812,360.09825581002366
1074,1813,361.3504206649971
1075,1815,360.38721693040213
1076,1816,362.69890589343
1077,1817,364.0473911218629
1078,1818,357.7865668469958
1079,1819,362.313624399592
1080,1821,359.23137244888824
1081,1822,358.6534502081313
1082,1823,361.2541002915376
1083,1825,359.32769282234773
1084,1826,363.3731485076465
1085,1827,360.19457618348315
1086,1829,360.4835373038616
1087,1830,359.13505207542875
1088,1831,359.13505207542875
1089,1832,365.1069152299173
1090,1833,359.23137244888824
1091,1834,361.73570215883507
1092,1835,362.12098365267303
1093,1836,359.4240131958072
1094,1837,360.19457618348315
1095,1838,360.00193543656417
1096,1842,359.4240131958072
1097,1843,359.23137244888824
1098,1844,358.55712983467174
1099,1845,359.32769282234773
1100,1847,359.8092946896452
1101,1848,360.38721693040213
1102,1849,363.66210962802495
1103,1850,364.5289929891604
1104,1852,358.46080946121225
1105,1853,360.09825581002366
1106,1854,363.56578925456546
1107,1855,363.56578925456546
1108,1856,364.62531336261986
1109,1857,359.13505207542875
1110,1859,359.23137244888824
1111,1860,359.6166539427262
1112,1861,361.5430614119161
1113,1863,360.19457618348315
1114,1868,360.19457618348315
1115,1869,361.1577799180781
1116,1877,357.7865668469958
1117,1878,360.5798576773211
1118,1879,359.4240131958072
1119,1880,362.6025855199705
1120,1882,362.02466327921354
1121,1883,359.03873170196925
1122,1884,358.26816871429327
1123,1885,360.19457618348315
1124,1887,364.1437114953224
1125,1889,359.03873170196925
1126,1890,362.02466327921354
1127,1891,361.2541002915376
1128,1892,363.3731485076465
1129,1893,358.1718483408338
1130,1894,363.56578925456546
1131,1895,359.8092946896452
1132,1896,362.2173040261325
1133,1897,359.23137244888824
1134,1898,358.1718483408338
1135,1899,363.75843000148444
1136,1900,362.506265146511
1137,1901,357.7865668469958
1138,1902,357.7865668469958
1139,1903,360.19457618348315
1140,1904,359.7129743161857
1141,1905,359.32769282234773
1142,1906,360.19457618348315
1143,1907,361.2541002915376
1144,1909,360.96513917115914
1145,1910,360.19457618348315
1146,1911,361.5430614119161
1147,1912,361.73570215883507
1148,1913,361.5430614119161
1149,1914,358.55712983467174
1150,1917,361.6393817853756
1151,1918,361.06145954461863
1152,1919,357.7865668469958
1153,1920,359.9056150631047
1154,1921,359.13505207542875
1155,1924,361.3504206649971
1156,1925,358.55712983467174
1157,1926,361.06145954461863
1158,1927,359.32769282234773
1159,1929,361.2541002915376
1160,1930,361.1577799180781
1161,1931,359.13505207542875
1162,1932,357.9792075939148
1163,1933,360.19457618348315
1164,1938,364.3363522422414
1165,1944,357.8828872204553
1166,1945,359.7129743161857
1167,1946,359.5203335692667
1168,1947,357.8828872204553
1169,1948,359.5203335692667
1170,1949,360.4835373038616
1171,1951,361.2541002915376
1172,1952,358.7497705815908
1173,1957,359.9056150631047
1174,1958,358.55712983467174
1175,1959,359.9056150631047
1176,1960,362.2173040261325
1177,1961,359.4240131958072
1178,1962,359.03873170196925
1179,1963,360.4835373038616
1180,1964,359.32769282234773
1181,1965,357.7865668469958
1182,1966,360.4835373038616
1183,1967,358.94241132850976
1184,1969,360.5798576773211
1185,1971,362.506265146511
1186,1972,363.85475037494393
1187,1973,363.66210962802495
1188,1974,361.3504206649971
1189,1977,363.85475037494393
1190,1978,359.7129743161857
1191,1979,361.06145954461863
1192,1980,363.9510707484034
1193,1981,359.23137244888824
1194,1983,357.7865668469958
1195,1984,357.7865668469958
1196,1985,360.4835373038616
1197,1986,358.6534502081313
1198,1987,361.3504206649971
1199,1989,359.8092946896452
1200,1991,358.0755279673743
1201,1993,360.5798576773211
1202,1994,364.0473911218629
1203,1997,357.7865668469958
1204,1999,363.56578925456546
1205,2002,360.19457618348315
1206,2003,360.7724984242401
1207,2004,359.23137244888824
1208,2005,362.6025855199705
1209,2007,358.36448908775276
1210,2010,357.7865668469958
1211,2011,358.55712983467174
1212,2014,357.7865668469958
1213,2018,360.96513917115914
1214,2020,361.92834290575405
1215,2021,359.32769282234773
1216,2022,359.9056150631047
1217,2024,358.36448908775276
1218,2027,360.00193543656417
1219,2029,361.1577799180781
1220,2030,358.0755279673743
1221,2032,359.8092946896452
1222,2033,361.73570215883507
1223,2034,364.3363522422414
1224,2037,360.09825581002366
1225,2038,360.4835373038616
1226,2039,360.29089655694264
1227,2040,362.2173040261325
1228,2041,357.7865668469958
1229,2043,363.18050776072744
1230,2044,360.6761780507806
1231,2045,357.7865668469958
1232,2048,357.7865668469958
1233,2049,361.73570215883507
1234,2050,357.9792075939148
1235,2051,358.0755279673743
1236,2052,362.7952262668895
1237,2054,359.9056150631047
1238,2055,357.8828872204553
1239,2056,361.92834290575405
1240,2057,362.12098365267303
1241,2058,362.12098365267303
1242,2059,360.86881879769965
1243,2060,359.13505207542875
1244,2062,362.4099447730515
1245,2063,361.1577799180781
1246,2064,357.8828872204553
1247,2065,360.6761780507806
1248,2066,360.6761780507806
1249,2067,360.6761780507806
1250,2069,361.5430614119161
1251,2070,362.12098365267303
1252,2071,358.7497705815908
1253,2073,364.1437114953224
1254,2074,361.06145954461863
1255,2076,360.7724984242401
1256,2077,363.56578925456546
1257,2078,359.8092946896452
1258,2079,360.09825581002366
1259,2083,357.7865668469958
1260,2084,362.2173040261325
1261,2085,359.7129743161857
1262,2087,362.12098365267303
1263,2088,357.9792075939148
1264,2089,363.08418738726795
1265,2090,364.5289929891604
1266,2091,358.94241132850976
1267,2093,364.4326726157009
1268,2095,358.0755279673743
1269,2096,362.98786701380845
1270,2098,362.02466327921354
1271,2099,357.7865668469958
1272,2101,360.5798576773211
1273,2102,361.06145954461863
1274,2104,365.1069152299173
1275,2105,360.96513917115914
1276,2107,360.09825581002366
1277,2108,358.0755279673743
1278,2112,360.00193543656417
1279,2113,357.8828872204553
1280,2115,361.6393817853756
1281,2117,357.7865668469958
1282,2118,363.276828134187
1283,2119,364.2400318687819
1284,2120,357.7865668469958
1285,2122,357.7865668469958
1286,2124,360.4835373038616
1287,2127,363.66210962802495
1288,2128,359.03873170196925
1289,2129,364.3363522422414
1290,2130,358.55712983467174
1291,2134,359.9056150631047
1292,2135,362.12098365267303
1293,2138,358.46080946121225
1294,2139,357.8828872204553
1295,2140,357.8828872204553
1296,2141,357.8828872204553
1297,2143,365.01059485645783
1298,2146,360.96513917115914
1299,2147,361.1577799180781
1300,2148,361.83202253229456
1301,2149,358.55712983467174
1302,2150,360.09825581002366
1303,2151,360.5798576773211
1304,2155,360.38721693040213
1305,2156,359.13505207542875
1306,2159,358.94241132850976
1307,2163,360.4835373038616
1308,2165,358.6534502081313
1309,2166,357.7865668469958
1310,2167,360.29089655694264
1311,2169,361.92834290575405
1312,2170,358.36448908775276
1313,2171,362.313624399592
1314,2172,362.313624399592
1315,2174,358.46080946121225
1316,2177,361.4467410384566
1317,2179,357.7865668469958
1318,2180,357.7865668469958
1319,2181,358.55712983467174
1320,2186,360.5798576773211
1321,2187,363.9510707484034
1322,2188,357.7865668469958
1323,2189,358.7497705815908
1324,2190,357.9792075939148
1325,2191,360.19457618348315
1326,2195,357.7865668469958
1327,2197,357.8828872204553
1328,2198,360.29089655694264
1329,2199,360.00193543656417
1330,2200,362.89154664034896
1331,2201,358.1718483408338
1332,2202,362.02466327921354
1333,2203,360.7724984242401
1334,2204,360.29089655694264
1335,2205,360.4835373038616
1336,2207,363.66210962802495
1337,2209,359.23137244888824
1338,2210,359.4240131958072
1339,2212,359.23137244888824
1340,2213,361.83202253229456
1341,2214,359.9056150631047
1342,2216,361.4467410384566
1343,2218,357.9792075939148
1344,2220,360.5798576773211
1345,2223,361.06145954461863
1346,2224,360.19457618348315
1347,2225,358.46080946121225
1348,2226,360.29089655694264
1349,2227,357.7865668469958
1350,2228,360.09825581002366
1351,2229,359.7129743161857
1352,2230,357.8828872204553
1353,2231,358.7497705815908
1354,2232,361.2541002915376
1355,2233,364.5289929891604
1356,2234,359.7129743161857
1357,2235,358.46080946121225
1358,2237,360.29089655694264
1359,2238,363.66210962802495
1360,2240,358.26816871429327
1361,2241,360.00193543656417
1362,2243,359.23137244888824
1363,2245,358.1718483408338
1364,2248,359.03873170196925
1365,2249,362.69890589343
1366,2250,358.94241132850976
1367,2251,360.86881879769965
1368,2254,359.23137244888824
1369,2255,357.7865668469958
1370,2258,361.73570215883507
1371,2262,359.13505207542875
1372,2264,363.46946888110597
1373,2265,358.6534502081313
1374,2266,362.12098365267303
1375,2267,359.5203335692667
1376,2268,360.09825581002366
1377,2269,357.7865668469958
1378,2270,359.8092946896452
1379,2272,360.4835373038616
1380,2273,359.5203335692667
1381,2274,357.7865668469958
1382,2277,360.96513917115914
1383,2278,358.36448908775276
1384,2279,358.1718483408338
1385,2280,361.83202253229456
1386,2281,361.2541002915376
1387,2282,359.13505207542875
1388,2283,358.55712983467174
1389,2286,358.8460909550503
1390,2287,361.6393817853756
1391,2288,361.4467410384566
1392,2289,363.46946888110597
1393,2291,358.0755279673743
1394,2293,360.96513917115914
1395,2297,362.2173040261325
1396,2299,358.7497705815908
1397,2300,360.7724984242401
1398,2301,360.09825581002366
1399,2302,359.03873170196925
1400,2303,358.36448908775276
1401,2304,361.6393817853756
1402,2306,359.32769282234773
1403,2307,357.7865668469958
1404,2308,358.36448908775276
1405,2311,357.7865668469958
1406,2312,357.8828872204553
1407,2313,363.46946888110597
1408,2315,362.02466327921354
1409,2316,358.6534502081313
1410,2318,357.9792075939148
1411,2319,359.9056150631047
1412,2320,363.75843000148444
1413,2321,359.5203335692667
1414,2322,364.5289929891604
1415,2323,357.7865668469958
1416,2324,357.9792075939148
1417,2326,357.7865668469958
1418,2327,358.94241132850976
1419,2329,363.56578925456546
1420,2330,361.2541002915376
1421,2332,357.8828872204553
1422,2333,361.92834290575405
1423,2334,361.5430614119161
1424,2335,359.7129743161857
1425,2336,357.7865668469958
1426,2337,360.4835373038616
1427,2338,358.55712983467174
1428,2339,361.73570215883507
1429,2340,360.00193543656417
1430,2342,357.7865668469958
1431,2343,361.1577799180781
1432,2346,360.86881879769965
1433,2348,358.46080946121225
1434,2349,358.7497705815908
1435,2350,359.8092946896452
1436,2351,359.4240131958072
1437,2357,360.4835373038616
1438,2358,359.32769282234773
1439,2360,357.7865668469958
1440,2361,359.32769282234773
1441,2362,360.00193543656417
1442,2363,361.73570215883507
1443,2364,357.7865668469958
1444,2366,357.7865668469958
1445,2368,358.8460909550503
1446,2369,359.7129743161857
1447,2370,361.06145954461863
1448,2373,363.9510707484034
1449,2374,362.02466327921354
1450,2375,361.4467410384566
1451,2376,359.23137244888824
1452,2379,365.49219672375534
1453,2381,362.89154664034896
1454,2383,360.09825581002366
1455,2384,361.6393817853756
1456,2385,365.2995559768363
1457,2386,359.03873170196925
1458,2387,359.7129743161857
1459,2388,361.5430614119161
1460,2389,360.09825581002366
1461,2392,358.55712983467174
1462,2394,362.506265146511
1463,2395,357.8828872204553
1464,2398,360.5798576773211
1465,2399,359.4240131958072
1466,2400,360.6761780507806
1467,2402,359.6166539427262
1468,2403,358.1718483408338
1469,2404,362.2173040261325
1470,2405,363.3731485076465
1471,2406,357.7865668469958
1472,2410,358.8460909550503
1473,2411,359.4240131958072
1474,2412,364.3363522422414
1475,2413,360.7724984242401
1476,2416,365.2032356033768
1477,2417,358.94241132850976
1478,2418,361.2541002915376
1479,2419,362.313624399592
1480,2421,360.00193543656417
1481,2422,362.4099447730515
1482,2423,360.09825581002366
1483,2426,361.92834290575405
1484,2427,357.7865668469958
1485,2428,363.56578925456546
1486,2429,360.38721693040213
1487,2430,363.46946888110597
1488,2434,357.7865668469958
1489,2435,357.7865668469958
1490,2437,361.83202253229456
1491,2439,360.38721693040213
1492,2441,361.4467410384566
1493,2442,357.7865668469958
1494,2444,357.7865668469958
1495,2446,358.1718483408338
1496,2447,362.2173040261325
1497,2449,360.00193543656417
1498,2452,359.9056150631047
1499,2454,357.7865668469958
1500,2455,361.73570215883507
1501,2456,364.5289929891604
1502,2457,361.1577799180781
1503,2458,359.8092946896452
1504,2459,357.9792075939148
1505,2461,362.506265146511
1506,2462,360.6761780507806
1507,2463,360.09825581002366
1508,2464,360.19457618348315
1509,2465,358.1718483408338
1510,2466,358.55712983467174
1511,2467,359.03873170196925
1512,2469,360.38721693040213
1513,2471,360.29089655694264
1514,2472,363.56578925456546
1515,2473,360.29089655694264
1516,2474,359.5203335692667
1517,2475,360.00193543656417
1518,2476,358.46080946121225
1519,2477,358.6534502081313
1520,2479,357.7865668469958
1521,2480,361.4467410384566
1522,2481,357.9792075939148
1523,2482,362.313624399592
1524,2485,363.56578925456546
1525,2486,360.09825581002366
1526,2487,361.92834290575405
1527,2488,360.6761780507806
1528,2489,360.09825581002366
1529,2490,358.94241132850976
1530,2494,360.00193543656417
1531,2496,360.86881879769965
1532,2497,360.5798576773211
1533,2499,359.4240131958072
1534,2500,359.32769282234773
1535,2501,364.0473911218629
1536,2502,360.09825581002366
1537,2503,358.26816871429327
1538,2504,362.98786701380845
1539,2505,361.2541002915376
1540,2507,362.02466327921354
1541,2508,358.46080946121225
1542,2509,360.09825581002366
1543,2510,358.94241132850976
1544,2511,359.13505207542875
1545,2513,362.2173040261325
1546,2514,360.29089655694264
1547,2515,358.7497705815908
1548,2516,362.12098365267303
1549,2517,361.6393817853756
1550,2521,358.6534502081313
1551,2522,361.1577799180781
1552,2523,357.7865668469958
1553,2524,359.9056150631047
1554,2525,360.96513917115914
1555,2526,362.98786701380845
1556,2527,360.00193543656417
1557,2530,358.8460909550503
1558,2531,358.94241132850976
1559,2532,358.26816871429327
1560,2533,360.86881879769965
1561,2534,365.2995559768363
1562,2535,357.9792075939148
1563,2536,357.7865668469958
1564,2541,357.8828872204553
1565,2542,362.313624399592
1566,2544,357.7865668469958
1567,2545,362.506265146511
1568,2546,362.02466327921354
1569,2547,359.7129743161857
1570,2548,365.49219672375534
1571,2549,359.13505207542875
1572,2550,363.9510707484034
1573,2551,360.09825581002366
1574,2552,358.46080946121225
1575,2554,358.26816871429327
1576,2555,362.4099447730515
1577,2558,358.94241132850976
1578,2560,357.8828872204553
1579,2565,358.7497705815908
1580,2566,358.94241132850976
1581,2569,358.0755279673743
1582,2570,361.3504206649971
1583,2571,364.4326726157009
1584,2572,361.92834290575405
1585,2573,357.9792075939148
1586,2575,358.0755279673743
1587,2577,357.8828872204553
1588,2579,363.75843000148444
1589,2580,360.38721693040213
1590,2582,360.29089655694264
1591,2583,358.46080946121225
1592,2585,358.1718483408338
1593,2587,360.00193543656417
1594,2588,360.6761780507806
1595,2591,360.5798576773211
1596,2592,357.8828872204553
1597,2593,359.9056150631047
1598,2594,361.2541002915376
1599,2595,360.4835373038616
1600,2596,359.5203335692667
1601,2598,358.36448908775276
1602,2599,361.92834290575405
1603,2602,357.7865668469958
1604,2604,360.19457618348315
1605,2606,359.03873170196925
1606,2607,360.09825581002366
1607,2608,358.0755279673743
1608,2609,357.8828872204553
1609,2610,360.38721693040213
1610,2612,361.1577799180781
1611,2613,361.73570215883507
1612,2615,360.5798576773211
1613,2616,363.56578925456546
1614,2618,357.7865668469958
1615,2619,364.91427448299834
1616,2620,363.85475037494393
1617,2621,357.9792075939148
1618,2622,363.66210962802495
1619,2623,362.89154664034896
1620,2625,361.83202253229456
1621,2626,360.09825581002366
1622,2627,359.6166539427262
1623,2629,358.55712983467174
1624,2630,360.38721693040213
1625,2631,357.9792075939148
1626,2632,357.7865668469958
1627,2636,362.02466327921354
1628,2637,364.72163373607935
1629,2638,361.4467410384566
1630,2641,358.7497705815908
1631,2642,361.5430614119161
1632,2644,361.5430614119161
1633,2645,358.94241132850976
1634,2646,361.2541002915376
1635,2647,359.6166539427262
1636,2648,365.2032356033768
1637,2649,358.0755279673743
1638,2650,360.6761780507806
1639,2652,357.7865668469958
1640,2656,363.56578925456546
1641,2659,357.9792075939148
1642,2660,357.7865668469958
1643,2661,358.6534502081313
1644,2664,361.3504206649971
1645,2666,359.9056150631047
1646,2668,359.7129743161857
1647,2669,361.06145954461863
1648,2670,362.02466327921354
1649,2671,361.3504206649971
1650,2672,358.55712983467174
1651,2675,361.5430614119161
1652,2676,361.92834290575405
1653,2677,358.36448908775276
1654,2678,358.55712983467174
1655,2679,359.4240131958072
1656,2680,357.9792075939148
1657,2683,357.7865668469958
1658,2684,358.94241132850976
1659,2685,361.73570215883507
1660,2686,360.86881879769965
1661,2688,358.46080946121225
1662,2689,360.38721693040213
1663,2691,357.8828872204553
1664,2694,360.38721693040213
1665,2695,360.96513917115914
1666,2696,360.19457618348315
1667,2697,361.92834290575405
1668,2699,357.7865668469958
1669,2700,362.12098365267303
1670,2701,360.7724984242401
1671,2702,359.32769282234773
1672,2704,358.55712983467174
1673,2705,362.7952262668895
1674,2706,361.4467410384566
1675,2708,363.66210962802495
1676,2712,360.7724984242401
1677,2714,359.23137244888824
1678,2715,359.9056150631047
1679,2716,362.02466327921354
1680,2718,359.03873170196925
1681,2719,361.5430614119161
1682,2720,361.92834290575405
1683,2722,358.1718483408338
1684,2723,359.03873170196925
1685,2724,361.1577799180781
1686,2725,358.94241132850976
1687,2726,358.55712983467174
1688,2729,358.8460909550503
1689,2730,364.81795410953885
1690,2731,358.1718483408338
1691,2732,363.9510707484034
1692,2733,360.09825581002366
1693,2734,359.03873170196925
1694,2736,362.6025855199705
1695,2737,361.2541002915376
1696,2738,359.13505207542875
1697,2739,363.3731485076465
1698,2740,357.7865668469958
1699,2741,360.00193543656417
1700,2742,364.2400318687819
1701,2743,364.1437114953224
1702,2745,359.4240131958072
1703,2746,357.8828872204553
1704,2748,358.1718483408338
1705,2749,362.69890589343
1706,2751,362.89154664034896
1707,2752,360.00193543656417
1708,2753,359.9056150631047
1709,2754,360.29089655694264
1710,2756,362.69890589343
1711,2758,361.06145954461863
1712,2759,363.9510707484034
1713,2760,360.96513917115914
1714,2761,362.313624399592
1715,2763,362.313624399592
1716,2764,360.4835373038616
1717,2767,359.8092946896452
1718,2769,361.5430614119161
1719,2770,357.7865668469958
1720,2772,361.2541002915376
1721,2773,359.9056150631047
1722,2775,358.0755279673743
1723,2779,363.66210962802495
1724,2780,361.83202253229456
1725,2781,363.66210962802495
1726,2782,357.8828872204553
1727,2784,361.73570215883507
1728,2785,362.506265146511
1729,2786,359.03873170196925
1730,2787,357.8828872204553
1731,2790,360.00193543656417
1732,2796,358.55712983467174
1733,2797,362.313624399592
1734,2798,358.7497705815908
1735,2801,357.7865668469958
1736,2803,357.7865668469958
1737,2804,362.2173040261325
1738,2805,363.3731485076465
1739,2806,362.7952262668895
1740,2809,358.7497705815908
1741,2810,361.06145954461863
1742,2811,361.06145954461863
1743,2813,357.8828872204553
1744,2814,357.7865668469958
1745,2817,359.03873170196925
1746,2818,362.2173040261325
1747,2819,359.8092946896452
1748,2820,360.7724984242401
1749,2821,357.7865668469958
1750,2822,360.6761780507806
1751,2823,358.55712983467174
1752,2824,363.3731485076465
1753,2825,357.7865668469958
1754,2826,359.5203335692667
1755,2827,358.94241132850976
1756,2829,361.4467410384566
1757,2830,359.5203335692667
1758,2831,362.7952262668895
1759,2832,364.4326726157009
1760,2833,362.313624399592
1761,2834,357.7865668469958
1762,2835,362.02466327921354
1763,2836,358.6534502081313
1764,2837,358.55712983467174
1765,2840,360.29089655694264
1766,2842,363.85475037494393
1767,2844,357.7865668469958
1768,2848,360.09825581002366
1769,2850,358.6534502081313
1770,2852,362.6025855199705
1771,2853,361.5430614119161
1772,2856,361.2541002915376
1773,2857,361.83202253229456
1774,2858,364.4326726157009
1775,2859,360.96513917115914
1776,2860,358.8460909550503
1777,2861,360.4835373038616
1778,2862,361.4467410384566
1779,2863,360.09825581002366
1780,2864,365.58851709721483
1781,2865,357.7865668469958
1782,2866,361.3504206649971
1783,2867,361.06145954461863
1784,2868,362.02466327921354
1785,2869,358.36448908775276
1786,2871,359.6166539427262
1787,2872,358.6534502081313
1788,2873,358.1718483408338
1789,2874,358.55712983467174
1790,2875,361.92834290575405
1791,2877,363.3731485076465
1792,2879,360.00193543656417
1793,2880,358.46080946121225
1794,2884,359.32769282234773
1795,2886,360.09825581002366
1796,2888,357.9792075939148
1797,2889,359.23137244888824
1798,2890,362.2173040261325
1799,2891,364.1437114953224
1800,2892,361.06145954461863
1801,2894,358.7497705815908
1802,2895,360.09825581002366
1803,2896,361.4467410384566
1804,2898,360.6761780507806
1805,2899,358.55712983467174
1806,2901,357.7865668469958
1807,2902,363.66210962802495
1808,2903,362.02466327921354
1809,2904,361.2541002915376
1810,2905,358.7497705815908
1811,2906,363.18050776072744
1812,2907,359.03873170196925
1813,2910,362.2173040261325
1814,2911,357.7865668469958
1815,2912,361.92834290575405
1816,2914,360.38721693040213
1817,2916,359.7129743161857
1818,2917,362.02466327921354
1819,2920,365.01059485645783
1820,2921,363.9510707484034
1821,2922,358.94241132850976
1822,2924,361.3504206649971
1823,2925,364.72163373607935
1824,2926,360.6761780507806
1825,2928,360.00193543656417
1826,2929,358.55712983467174
1827,2931,362.02466327921354
1828,2932,362.12098365267303
1829,2933,363.18050776072744
1830,2934,364.3363522422414
1831,2935,359.5203335692667
1832,2937,357.9792075939148
1833,2938,362.506265146511
1834,2939,363.85475037494393
1835,2942,362.02466327921354
1836,2943,361.5430614119161
1837,2945,358.36448908775276
1838,2946,364.2400318687819
1839,2947,358.1718483408338
1840,2948,360.19457618348315
1841,2952,362.02466327921354
1842,2955,357.7865668469958
1843,2956,357.8828872204553
1844,2957,360.6761780507806
1845,2959,360.6761780507806
1846,2960,363.46946888110597
1847,2961,361.2541002915376
1848,2962,358.1718483408338
1849,2963,361.1577799180781
1850,2964,359.32769282234773
1851,2966,359.23137244888824
1852,2967,358.8460909550503
1853,2972,361.83202253229456
1854,2973,357.7865668469958
1855,2975,359.32769282234773
1856,2976,360.19457618348315
1857,2977,361.6393817853756
1858,2979,361.73570215883507
1859,2980,363.56578925456546
1860,2981,361.6393817853756
1861,2982,362.02466327921354
1862,2983,358.36448908775276
1863,2985,360.09825581002366
1864,2986,362.98786701380845
1865,2987,362.2173040261325
1866,2988,361.1577799180781
1867,2989,362.02466327921354
1868,2990,358.6534502081313
1869,2993,358.8460909550503
1870,2994,357.8828872204553
1871,2995,358.8460909550503
1872,2996,360.4835373038616
1873,3002,361.4467410384566
1874,3004,360.09825581002366
1875,3006,359.5203335692667
1876,3008,364.0473911218629
1877,3009,363.9510707484034
1878,3010,364.1437114953224
1879,3011,358.55712983467174
1880,3012,360.86881879769965
1881,3013,357.7865668469958
1882,3014,360.86881879769965
1883,3015,357.7865668469958
1884,3016,361.6393817853756
1885,3017,363.56578925456546
1886,3020,357.8828872204553
1887,3021,361.83202253229456
1888,3022,360.09825581002366
1889,3023,359.23137244888824
1890,3024,358.36448908775276
1891,3025,358.36448908775276
1892,3026,363.9510707484034
1893,3027,359.03873170196925
1894,3028,357.7865668469958
1895,3029,358.26816871429327
1896,3033,361.06145954461863
1897,3034,358.7497705815908
1898,3035,364.2400318687819
1899,3036,362.506265146511
1900,3037,363.46946888110597
1901,3038,360.19457618348315
1902,3040,360.09825581002366
1903,3041,357.7865668469958
1904,3043,358.8460909550503
1905,3044,360.29089655694264
1906,3045,359.13505207542875
1907,3046,364.72163373607935
1908,3050,359.4240131958072
1909,3051,361.2541002915376
1910,3052,360.86881879769965
1911,3053,359.23137244888824
1912,3054,360.38721693040213
1913,3055,358.8460909550503
1914,3056,357.7865668469958
1915,3057,361.2541002915376
1916,3058,359.03873170196925
1917,3059,359.13505207542875
1918,3062,358.0755279673743
1919,3064,362.02466327921354
1920,3066,359.03873170196925
1921,3067,358.6534502081313
1922,3068,362.98786701380845
1923,3069,362.12098365267303
1924,3071,362.12098365267303
1925,3075,357.7865668469958
1926,3078,358.7497705815908
1927,3080,361.2541002915376
1928,3081,360.09825581002366
1929,3083,358.26816871429327
1930,3084,358.8460909550503
1931,3085,361.1577799180781
1932,3088,358.0755279673743
1933,3091,358.55712983467174
1934,3092,358.1718483408338
1935,3095,359.32769282234773
1936,3096,358.94241132850976
1937,3097,358.26816871429327
1938,3099,361.73570215883507
1939,3100,361.1577799180781
1940,3102,361.5430614119161
1941,3103,358.1718483408338
1942,3104,357.7865668469958
1943,3105,358.8460909550503
1944,3106,361.2541002915376
1945,3107,360.09825581002366
1946,3109,360.4835373038616
1947,3111,360.38721693040213
1948,3112,358.46080946121225
1949,3113,360.00193543656417
1950,3116,357.7865668469958
1951,3117,357.7865668469958
1952,3119,362.69890589343
1953,3120,358.6534502081313
1954,3121,361.6393817853756
1955,3122,359.13505207542875
1956,3124,361.92834290575405
1957,3126,357.8828872204553
1958,3127,358.36448908775276
1959,3128,361.2541002915376
1960,3129,358.94241132850976
1961,3130,361.5430614119161
1962,3131,363.56578925456546
1963,3133,359.03873170196925
1964,3137,360.09825581002366
1965,3139,361.83202253229456
1966,3140,358.0755279673743
1967,3142,358.36448908775276
1968,3143,361.1577799180781
1969,3144,361.1577799180781
1970,3145,361.92834290575405
1971,3148,359.13505207542875
1972,3151,362.2173040261325
1973,3152,362.313624399592
1974,3153,358.55712983467174
1975,3155,359.6166539427262
1976,3156,359.5203335692667
1977,3157,364.81795410953885
1978,3158,360.19457618348315
1979,3159,357.7865668469958
1980,3160,359.5203335692667
1981,3161,362.2173040261325
1982,3162,360.09825581002366
1983,3166,360.19457618348315
1984,3167,365.49219672375534
1985,3170,359.03873170196925
1986,3172,360.09825581002366
1987,3173,363.66210962802495
1988,3174,357.7865668469958
1989,3177,363.3731485076465
1990,3178,358.1718483408338
1991,3180,363.85475037494393
1992,3181,360.96513917115914
1993,3182,363.66210962802495
1994,3184,359.23137244888824
1995,3185,361.4467410384566
1996,3186,357.8828872204553
1997,3187,360.5798576773211
1998,3188,361.6393817853756
1999,3189,362.2173040261325
2000,3190,357.8828872204553
2001,3191,358.36448908775276
2002,3194,363.66210962802495
2003,3195,358.8460909550503
2004,3196,364.1437114953224
2005,3197,358.1718483408338
2006,3199,363.85475037494393
2007,3201,357.8828872204553
2008,3202,358.46080946121225
2009,3203,359.9056150631047
2010,3205,362.2173040261325
2011,3206,363.3731485076465
2012,3209,360.86881879769965
2013,3210,360.4835373038616
2014,3211,362.506265146511
2015,3212,363.75843000148444
2016,3213,363.3731485076465
2017,3214,360.29089655694264
2018,3215,360.4835373038616
2019,3217,361.4467410384566
2020,3219,361.73570215883507
2021,3220,359.9056150631047
2022,3223,360.86881879769965
2023,3224,362.506265146511
2024,3225,357.7865668469958
2025,3226,358.94241132850976
2026,3227,360.96513917115914
2027,3228,357.7865668469958
2028,3233,360.86881879769965
2029,3235,359.9056150631047
2030,3236,357.7865668469958
2031,3237,358.36448908775276
2032,3238,363.9510707484034
2033,3239,361.4467410384566
2034,3241,358.94241132850976
2035,3242,358.7497705815908
2036,3243,357.7865668469958
2037,3244,362.6025855199705
2038,3245,361.5430614119161
2039,3246,357.8828872204553
2040,3247,360.5798576773211
2041,3248,360.38721693040213
2042,3250,362.313624399592
2043,3252,359.5203335692667
2044,3253,360.5798576773211
2045,3254,364.0473911218629
2046,3255,357.7865668469958
2047,3256,360.09825581002366
2048,3257,364.3363522422414
2049,3259,357.9792075939148
2050,3263,359.4240131958072
2051,3264,363.66210962802495
2052,3268,359.13505207542875
2053,3269,358.36448908775276
2054,3271,357.7865668469958
2055,3272,361.5430614119161
2056,3275,358.7497705815908
2057,3277,361.92834290575405
2058,3278,361.6393817853756
2059,3280,363.9510707484034
2060,3281,358.36448908775276
2061,3283,365.3958763502958
2062,3284,358.6534502081313
2063,3285,359.8092946896452
2064,3286,357.7865668469958
2065,3287,359.9056150631047
2066,3288,357.8828872204553
2067,3289,358.0755279673743
2068,3291,359.8092946896452
2069,3292,361.92834290575405
2070,3293,360.29089655694264
2071,3295,360.19457618348315
2072,3296,360.4835373038616
2073,3299,360.86881879769965
2074,3300,364.1437114953224
2075,3301,358.94241132850976
2076,3302,359.9056150631047
2077,3303,357.8828872204553
2078,3306,359.23137244888824
2079,3307,358.0755279673743
2080,3309,361.6393817853756
2081,3310,358.1718483408338
2082,3311,359.7129743161857
2083,3312,362.2173040261325
2084,3313,359.13505207542875
2085,3314,358.26816871429327
2086,3315,360.86881879769965
2087,3316,363.56578925456546
2088,3317,362.2173040261325
2089,3318,360.5798576773211
2090,3319,360.4835373038616
2091,3320,362.313624399592
2092,3321,361.4467410384566
2093,3322,362.12098365267303
2094,3323,360.38721693040213
2095,3325,362.02466327921354
2096,3327,360.96513917115914
2097,3329,358.0755279673743
2098,3330,363.85475037494393
2099,3331,360.96513917115914
2100,3333,357.8828872204553
2101,3334,360.5798576773211
2102,3336,357.8828872204553
2103,3337,358.26816871429327
2104,3338,361.06145954461863
2105,3340,360.5798576773211
2106,3341,359.03873170196925
2107,3342,364.81795410953885
2108,3343,360.38721693040213
2109,3344,359.32769282234773
2110,3345,364.81795410953885
2111,3346,358.0755279673743
2112,3347,361.83202253229456
2113,3348,359.6166539427262
2114,3350,357.7865668469958
2115,3352,360.96513917115914
2116,3353,359.23137244888824
2117,3357,357.7865668469958
2118,3358,360.6761780507806
2119,3359,357.7865668469958
2120,3360,361.6393817853756
2121,3361,358.94241132850976
2122,3362,360.6761780507806
2123,3363,362.12098365267303
2124,3365,362.69890589343
2125,3366,357.7865668469958
2126,3367,365.2995559768363
2127,3368,359.03873170196925
2128,3369,363.75843000148444
2129,3371,363.75843000148444
2130,3373,360.86881879769965
2131,3375,360.86881879769965
2132,3376,361.2541002915376
2133,3377,357.7865668469958
2134,3379,359.9056150631047
2135,3380,360.19457618348315
2136,3381,360.96513917115914
2137,3382,358.0755279673743
2138,3384,359.03873170196925
2139,3385,357.9792075939148
2140,3386,358.1718483408338
2141,3387,364.72163373607935
2142,3388,359.5203335692667
2143,3389,357.8828872204553
2144,3391,361.3504206649971
2145,3393,358.1718483408338
2146,3394,358.46080946121225
2147,3395,361.92834290575405
2148,3399,364.5289929891604
2149,3401,359.23137244888824
2150,3402,361.3504206649971
2151,3403,358.1718483408338
2152,3404,361.2541002915376
2153,3405,357.9792075939148
2154,3408,360.09825581002366
2155,3409,363.3731485076465
2156,3410,359.13505207542875
2157,3413,357.7865668469958
2158,3414,361.73570215883507
2159,3416,362.506265146511
2160,3417,358.0755279673743
2161,3418,361.6393817853756
2162,3419,361.73570215883507
2163,3420,359.8092946896452
2164,3421,358.8460909550503
2165,3423,360.19457618348315
2166,3424,358.55712983467174
2167,3425,359.6166539427262
2168,3426,357.7865668469958
2169,3427,365.3958763502958
2170,3429,358.94241132850976
2171,3431,361.3504206649971
2172,3432,358.26816871429327
2173,3434,365.2032356033768
2174,3436,364.81795410953885
2175,3437,360.29089655694264
2176,3438,357.7865668469958
2177,3440,362.02466327921354
2178,3441,364.5289929891604
2179,3443,357.9792075939148
2180,3444,359.9056150631047
2181,3445,360.00193543656417
2182,3448,358.36448908775276
2183,3451,360.09825581002366
2184,3453,362.506265146511
2185,3454,360.09825581002366
2186,3458,361.6393817853756
2187,3459,361.3504206649971
2188,3460,359.8092946896452
2189,3461,361.4467410384566
2190,3462,360.29089655694264
2191,3463,358.94241132850976
2192,3464,360.19457618348315
2193,3468,358.36448908775276
2194,3469,357.7865668469958
2195,3471,360.00193543656417
2196,3472,361.2541002915376
2197,3473,363.56578925456546
2198,3475,358.8460909550503
2199,3478,362.313624399592
2200,3482,364.5289929891604
2201,3483,361.6393817853756
2202,3484,362.7952262668895
2203,3486,358.8460909550503
2204,3487,359.6166539427262
2205,3488,358.36448908775276
2206,3489,357.7865668469958
2207,3490,357.8828872204553
2208,3492,358.8460909550503
2209,3493,360.00193543656417
2210,3496,358.7497705815908
2211,3498,358.6534502081313
2212,3499,361.1577799180781
2213,3500,358.7497705815908
2214,3501,360.09825581002366
2215,3502,360.86881879769965
2216,3503,360.09825581002366
2217,3504,358.94241132850976
2218,3505,357.7865668469958
2219,3507,358.26816871429327
2220,3509,360.5798576773211
2221,3510,364.0473911218629
2222,3511,359.8092946896452
2223,3512,364.81795410953885
2224,3513,358.7497705815908
2225,3514,358.6534502081313
2226,3515,363.08418738726795
2227,3516,363.85475037494393
2228,3518,360.6761780507806
2229,3519,359.32769282234773
2230,3520,357.7865668469958
2231,3521,359.8092946896452
2232,3523,358.46080946121225
2233,3525,362.02466327921354
2234,3526,358.26816871429327
2235,3527,363.08418738726795
2236,3528,359.7129743161857
2237,3530,361.92834290575405
2238,3532,359.7129743161857
2239,3533,363.66210962802495
2240,3534,360.4835373038616
2241,3535,359.6166539427262
2242,3536,360.29089655694264
2243,3537,358.94241132850976
2244,3538,359.4240131958072
2245,3539,357.9792075939148
2246,3540,361.83202253229456
2247,3544,358.55712983467174
2248,3545,364.2400318687819
2249,3546,358.46080946121225
2250,3547,358.55712983467174
2251,3548,359.7129743161857
2252,3549,360.4835373038616
2253,3550,359.9056150631047
2254,3553,359.7129743161857
2255,3557,357.9792075939148
2256,3558,360.19457618348315
2257,3561,358.46080946121225
2258,3562,358.0755279673743
2259,3563,361.06145954461863
2260,3565,360.5798576773211
2261,3566,363.85475037494393
2262,3567,360.86881879769965
2263,3568,358.26816871429327
2264,3569,359.9056150631047
2265,3571,359.9056150631047
2266,3572,361.5430614119161
2267,3574,359.6166539427262
2268,3575,358.1718483408338
2269,3576,359.9056150631047
2270,3578,361.3504206649971
2271,3579,359.13505207542875
2272,3580,359.8092946896452
2273,3581,359.23137244888824
2274,3585,357.7865668469958
2275,3586,360.09825581002366
2276,3588,362.6025855199705
2277,3589,364.2400318687819
2278,3595,361.3504206649971
2279,3596,360.19457618348315
2280,3597,360.96513917115914
2281,3599,361.4467410384566
2282,3602,361.2541002915376
2283,3604,357.7865668469958
2284,3605,360.96513917115914
2285,3606,360.19457618348315
2286,3607,364.1437114953224
2287,3608,357.7865668469958
2288,3609,364.72163373607935
2289,3610,360.86881879769965
2290,3612,361.4467410384566
2291,3614,359.4240131958072
2292,3617,359.7129743161857
2293,3619,362.12098365267303
2294,3621,358.46080946121225
2295,3622,357.9792075939148
2296,3624,358.46080946121225
2297,3625,363.66210962802495
2298,3627,360.5798576773211
2299,3628,361.3504206649971
2300,3629,358.7497705815908
2301,3630,360.38721693040213
2302,3631,362.313624399592
2303,3632,359.03873170196925
2304,3633,357.8828872204553
2305,3634,360.4835373038616
2306,3635,360.29089655694264
2307,3636,361.92834290575405
2308,3637,358.1718483408338
2309,3639,357.7865668469958
2310,3643,361.5430614119161
2311,3644,358.0755279673743
2312,3645,358.8460909550503
2313,3647,361.3504206649971
2314,3648,358.36448908775276
2315,3649,360.00193543656417
2316,3650,358.7497705815908
2317,3651,358.7497705815908
2318,3653,358.7497705815908
2319,3655,359.32769282234773
2320,3656,358.94241132850976
2321,3659,360.09825581002366
2322,3662,365.2995559768363
2323,3663,361.6393817853756
2324,3664,358.55712983467174
2325,3665,357.7865668469958
2326,3666,361.3504206649971
2327,3667,357.8828872204553
2328,3668,357.8828872204553
2329,3670,363.3731485076465
2330,3671,360.5798576773211
2331,3672,364.2400318687819
2332,3674,358.94241132850976
2333,3675,363.56578925456546
2334,3677,358.94241132850976
2335,3679,357.9792075939148
2336,3681,360.29089655694264
2337,3682,359.8092946896452
2338,3683,365.58851709721483
2339,3687,359.7129743161857
2340,3688,361.5430614119161
2341,3689,361.73570215883507
2342,3690,361.5430614119161
2343,3691,360.19457618348315
2344,3692,359.13505207542875
2345,3693,360.86881879769965
2346,3694,361.4467410384566
2347,3695,360.5798576773211
2348,3696,357.7865668469958
2349,3697,358.6534502081313
2350,3700,362.6025855199705
2351,3701,362.6025855199705
2352,3702,357.9792075939148
2353,3703,362.506265146511
2354,3704,365.58851709721483
2355,3705,361.73570215883507
2356,3706,359.7129743161857
2357,3707,357.8828872204553
2358,3708,363.18050776072744
2359,3709,357.8828872204553
2360,3710,359.13505207542875
2361,3711,360.86881879769965
2362,3712,357.7865668469958
2363,3714,362.2173040261325
2364,3715,360.7724984242401
2365,3716,358.26816871429327
2366,3717,357.7865668469958
2367,3718,361.2541002915376
2368,3720,363.66210962802495
2369,3722,357.7865668469958
2370,3724,360.5798576773211
2371,3726,360.09825581002366
2372,3727,360.96513917115914
2373,3728,359.7129743161857
2374,3731,360.00193543656417
2375,3732,360.09825581002366
2376,3733,363.85475037494393
2377,3734,357.7865668469958
2378,3735,359.4240131958072
2379,3737,363.3731485076465
2380,3738,358.7497705815908
2381,3739,360.4835373038616
2382,3740,361.6393817853756
2383,3741,358.8460909550503
2384,3742,363.9510707484034
2385,3743,359.8092946896452
2386,3746,357.7865668469958
2387,3748,361.06145954461863
2388,3749,358.94241132850976
2389,3750,359.8092946896452
2390,3752,358.8460909550503
2391,3754,361.4467410384566
2392,3758,360.09825581002366
2393,3760,361.73570215883507
2394,3762,361.6393817853756
2395,3763,361.73570215883507
2396,3765,364.72163373607935
2397,3766,359.4240131958072
2398,3767,363.75843000148444
2399,3769,364.2400318687819
2400,3770,364.2400318687819
2401,3771,359.23137244888824
2402,3773,359.9056150631047
2403,3774,361.2541002915376
2404,3775,360.38721693040213
2405,3776,358.1718483408338
2406,3779,360.00193543656417
2407,3780,359.5203335692667
2408,3782,357.7865668469958
2409,3783,359.13505207542875
2410,3785,359.5203335692667
2411,3786,360.96513917115914
2412,3787,359.8092946896452
2413,3788,357.9792075939148
2414,3789,361.92834290575405
2415,3790,360.19457618348315
2416,3792,360.29089655694264
2417,3793,359.9056150631047
2418,3794,360.19457618348315
2419,3795,360.5798576773211
2420,3796,361.4467410384566
2421,3798,361.06145954461863
2422,3799,359.8092946896452
2423,3800,359.23137244888824
2424,3801,360.19457618348315
2425,3802,358.26816871429327
2426,3805,357.8828872204553
2427,3806,360.86881879769965
2428,3807,359.6166539427262
2429,3808,360.38721693040213
2430,3809,358.1718483408338
2431,3810,360.5798576773211
2432,3813,358.7497705815908
2433,3815,361.92834290575405
2434,3818,360.6761780507806
2435,3819,359.32769282234773
2436,3824,363.9510707484034
2437,3825,363.75843000148444
2438,3826,360.00193543656417
2439,3827,362.506265146511
2440,3828,357.7865668469958
2441,3832,359.9056150631047
2442,3834,357.7865668469958
2443,3836,359.32769282234773
2444,3839,362.02466327921354
2445,3840,361.73570215883507
2446,3842,362.2173040261325
2447,3843,362.506265146511
2448,3844,359.9056150631047
2449,3845,360.96513917115914
2450,3846,360.29089655694264
2451,3847,361.4467410384566
2452,3849,363.75843000148444
2453,3850,361.83202253229456
2454,3851,357.7865668469958
2455,3853,360.86881879769965
2456,3855,359.13505207542875
2457,3857,360.19457618348315
2458,3858,363.3731485076465
2459,3861,358.0755279673743
2460,3862,361.83202253229456
2461,3865,358.94241132850976
2462,3866,362.2173040261325
2463,3867,363.46946888110597
2464,3869,361.2541002915376
2465,3872,361.3504206649971
2466,3873,358.8460909550503
2467,3874,357.7865668469958
2468,3877,358.0755279673743
2469,3878,357.8828872204553
2470,3879,358.8460909550503
2471,3883,361.73570215883507
2472,3884,360.5798576773211
2473,3886,365.3958763502958
2474,3887,359.23137244888824
2475,3888,359.6166539427262
2476,3889,361.83202253229456
2477,3891,358.0755279673743
2478,3892,357.7865668469958
2479,3893,358.1718483408338
2480,3894,360.6761780507806
2481,3895,363.46946888110597
2482,3896,361.2541002915376
2483,3897,363.08418738726795
2484,3898,361.2541002915376
2485,3899,362.12098365267303
2486,3900,357.8828872204553
2487,3901,361.5430614119161
2488,3902,361.6393817853756
2489,3903,357.7865668469958
2490,3904,361.73570215883507
2491,3906,358.0755279673743
2492,3908,357.9792075939148
2493,3909,359.7129743161857
2494,3913,363.56578925456546
2495,3914,361.83202253229456
2496,3915,357.7865668469958
2497,3916,361.73570215883507
2498,3917,361.06145954461863
2499,3919,363.3731485076465
2500,3921,363.56578925456546
2501,3922,361.4467410384566
2502,3923,360.19457618348315
2503,3924,358.1718483408338
2504,3925,358.7497705815908
2505,3926,359.03873170196925
2506,3928,359.9056150631047
2507,3929,365.2032356033768
2508,3930,360.38721693040213
2509,3931,362.4099447730515
2510,3932,361.73570215883507
2511,3933,358.36448908775276
2512,3935,363.276828134187
2513,3936,364.1437114953224
2514,3937,361.1577799180781
2515,3939,358.6534502081313
2516,3942,358.0755279673743
2517,3945,358.46080946121225
2518,3946,358.46080946121225
2519,3947,357.7865668469958
2520,3948,358.8460909550503
2521,3949,357.9792075939148
2522,3950,361.5430614119161
2523,3951,360.19457618348315
2524,3953,357.7865668469958
2525,3955,358.55712983467174
2526,3956,358.8460909550503
2527,3957,359.5203335692667
2528,3958,365.49219672375534
2529,3959,359.4240131958072
2530,3960,358.0755279673743
2531,3962,360.29089655694264
2532,3963,359.13505207542875
2533,3964,360.7724984242401
2534,3965,360.29089655694264
2535,3966,360.96513917115914
2536,3967,357.7865668469958
2537,3969,360.86881879769965
2538,3970,359.03873170196925
2539,3971,357.9792075939148
2540,3972,358.8460909550503
2541,3974,357.8828872204553
2542,3977,358.46080946121225
2543,3978,364.1437114953224
2544,3979,359.13505207542875
2545,3980,361.06145954461863
2546,3981,362.506265146511
2547,3982,357.7865668469958
2548,3983,359.7129743161857
2549,3984,359.4240131958072
2550,3987,357.7865668469958
2551,3988,362.02466327921354
2552,3989,362.12098365267303
2553,3990,359.32769282234773
2554,3991,361.06145954461863
2555,3992,364.72163373607935
2556,3993,363.276828134187
2557,3994,359.8092946896452
2558,3996,359.5203335692667
2559,3997,360.09825581002366
2560,3998,365.01059485645783
2561,3999,363.3731485076465
2562,4001,360.09825581002366
2563,4002,357.8828872204553
2564,4003,363.56578925456546
2565,4004,359.32769282234773
2566,4005,362.4099447730515
2567,4006,362.12098365267303
2568,4007,360.38721693040213
2569,4009,359.8092946896452
2570,4010,360.4835373038616
2571,4011,357.7865668469958
2572,4013,359.13505207542875
2573,4014,360.86881879769965
2574,4016,358.0755279673743
2575,4017,357.8828872204553
2576,4018,357.8828872204553
2577,4019,358.0755279673743
2578,4021,360.6761780507806
2579,4022,358.7497705815908
2580,4025,361.06145954461863
2581,4027,360.4835373038616
2582,4028,359.5203335692667
2583,4029,363.9510707484034
2584,4030,357.7865668469958
2585,4031,361.73570215883507
2586,4032,360.00193543656417
2587,4033,365.49219672375534
2588,4034,360.38721693040213
2589,4035,361.06145954461863
2590,4036,360.29089655694264
2591,4038,362.6025855199705
2592,4042,357.7865668469958
2593,4043,359.4240131958072
2594,4046,363.66210962802495
2595,4047,365.2032356033768
2596,4048,357.8828872204553
2597,4049,359.23137244888824
2598,4050,357.9792075939148
2599,4052,357.7865668469958
2600,4053,359.13505207542875
2601,4054,357.7865668469958
2602,4055,357.7865668469958
2603,4058,358.26816871429327
2604,4063,359.5203335692667
2605,4064,361.2541002915376
2606,4065,357.7865668469958
2607,4068,360.19457618348315
2608,4070,360.19457618348315
2609,4072,361.6393817853756
2610,4073,359.5203335692667
2611,4074,361.1577799180781
2612,4076,365.01059485645783
2613,4077,357.8828872204553
2614,4080,364.1437114953224
2615,4082,359.8092946896452
2616,4083,361.92834290575405
2617,4084,359.13505207542875
2618,4086,359.5203335692667
2619,4087,359.03873170196925
2620,4088,360.7724984242401
2621,4091,358.6534502081313
2622,4092,361.2541002915376
2623,4093,360.5798576773211
2624,4096,359.5203335692667
2625,4097,359.4240131958072
2626,4099,359.13505207542875
2627,4100,359.6166539427262
2628,4103,358.7497705815908
2629,4104,357.8828872204553
2630,4105,360.09825581002366
2631,4106,359.5203335692667
2632,4107,358.94241132850976
2633,4108,359.13505207542875
2634,4110,359.32769282234773
2635,4111,361.2541002915376
2636,4112,360.19457618348315
2637,4116,361.2541002915376
2638,4117,357.9792075939148
2639,4118,361.83202253229456
2640,4120,361.83202253229456
2641,4121,361.5430614119161
2642,4122,360.4835373038616
2643,4123,363.75843000148444
2644,4124,362.6025855199705
2645,4125,361.5430614119161
2646,4126,360.29089655694264
2647,4129,357.8828872204553
2648,4131,363.3731485076465
2649,4133,357.7865668469958
2650,4134,358.26816871429327
2651,4135,362.02466327921354
2652,4136,357.7865668469958
2653,4137,358.1718483408338
2654,4138,357.7865668469958
2655,4139,359.9056150631047
2656,4140,357.7865668469958
2657,4141,358.1718483408338
2658,4142,361.3504206649971
2659,4143,362.12098365267303
2660,4144,358.55712983467174
2661,4145,363.3731485076465
2662,4146,363.46946888110597
2663,4147,358.26816871429327
2664,4148,363.46946888110597
2665,4149,361.6393817853756
2666,4153,359.6166539427262
2667,4155,363.75843000148444
2668,4159,360.86881879769965
2669,4161,361.4467410384566
2670,4162,361.83202253229456
2671,4163,363.276828134187
2672,4164,363.3731485076465
2673,4165,362.02466327921354
2674,4167,360.09825581002366
2675,4169,359.23137244888824
2676,4172,359.32769282234773
2677,4173,358.46080946121225
2678,4174,360.00193543656417
2679,4175,357.9792075939148
2680,4176,357.7865668469958
2681,4177,357.7865668469958
2682,4179,360.19457618348315
2683,4180,359.4240131958072
2684,4184,360.19457618348315
2685,4186,359.8092946896452
2686,4187,358.7497705815908
2687,4189,357.7865668469958
2688,4191,359.7129743161857
2689,4192,359.32769282234773
2690,4193,360.09825581002366
2691,4194,360.4835373038616
2692,4196,361.3504206649971
2693,4197,359.7129743161857
2694,4198,361.4467410384566
2695,4200,357.7865668469958
2696,4203,362.6025855199705
2697,4204,359.9056150631047
2698,4205,360.00193543656417
2699,4206,358.0755279673743
2700,4207,357.8828872204553
2701,4208,359.03873170196925
2702,4209,357.8828872204553
2703,4210,357.7865668469958
2704,4211,359.23137244888824
2705,4212,361.92834290575405
2706,4213,360.29089655694264
2707,4214,363.56578925456546
2708,4215,359.32769282234773
2709,4216,359.5203335692667
2710,4219,359.9056150631047
2711,4220,360.09825581002366
2712,4221,361.5430614119161
2713,4222,358.26816871429327
2714,4223,361.92834290575405
2715,4224,358.94241132850976
2716,4225,361.2541002915376
2717,4226,359.32769282234773
2718,4227,361.83202253229456
2719,4228,357.7865668469958
2720,4229,357.7865668469958
2721,4230,363.276828134187
2722,4233,358.6534502081313
2723,4234,363.75843000148444
2724,4235,362.2173040261325
2725,4236,359.32769282234773
2726,4237,358.0755279673743
2727,4241,359.13505207542875
2728,4245,359.03873170196925
2729,4248,359.13505207542875
2730,4251,364.62531336261986
2731,4252,358.7497705815908
2732,4253,357.7865668469958
2733,4254,357.8828872204553
2734,4255,360.5798576773211
2735,4256,361.83202253229456
2736,4257,358.55712983467174
2737,4258,362.02466327921354
2738,4259,358.36448908775276
2739,4260,359.9056150631047
2740,4262,357.7865668469958
2741,4263,358.0755279673743
2742,4264,362.4099447730515
2743,4265,360.19457618348315
2744,4266,357.7865668469958
2745,4267,358.55712983467174
2746,4269,360.09825581002366
2747,4270,361.92834290575405
2748,4271,361.92834290575405
2749,4272,359.9056150631047
2750,4273,362.506265146511
2751,4274,357.8828872204553
2752,4275,361.3504206649971
2753,4281,361.5430614119161
2754,4286,359.9056150631047
2755,4287,358.1718483408338
2756,4288,364.0473911218629
2757,4290,357.8828872204553
2758,4291,362.506265146511
2759,4292,362.4099447730515
2760,4293,359.23137244888824
2761,4294,362.12098365267303
2762,4296,359.32769282234773
2763,4297,359.23137244888824
2764,4299,363.85475037494393
2765,4301,360.19457618348315
2766,4302,357.8828872204553
2767,4303,361.06145954461863
2768,4304,363.46946888110597
2769,4305,358.55712983467174
2770,4307,361.1577799180781
2771,4309,358.8460909550503
2772,4310,362.02466327921354
2773,4312,364.1437114953224
2774,4315,357.9792075939148
2775,4316,360.38721693040213
2776,4318,363.08418738726795
2777,4320,360.29089655694264
2778,4321,362.2173040261325
2779,4322,360.29089655694264
2780,4324,359.6166539427262
2781,4325,359.9056150631047
2782,4326,361.3504206649971
2783,4328,359.23137244888824
2784,4330,364.2400318687819
2785,4331,362.7952262668895
2786,4332,360.6761780507806
2787,4333,357.9792075939148
2788,4334,363.56578925456546
2789,4336,357.7865668469958
2790,4337,357.7865668469958
2791,4339,361.3504206649971
2792,4340,360.00193543656417
2793,4342,362.313624399592
2794,4343,361.83202253229456
2795,4345,358.55712983467174
2796,4346,358.0755279673743
2797,4348,364.62531336261986
2798,4353,359.32769282234773
2799,4355,364.91427448299834
2800,4356,358.6534502081313
2801,4357,358.46080946121225
2802,4358,358.6534502081313
2803,4362,360.19457618348315
2804,4363,357.7865668469958
2805,4364,360.09825581002366
2806,4367,360.09825581002366
2807,4369,361.4467410384566
2808,4370,359.32769282234773
2809,4372,358.1718483408338
2810,4374,360.6761780507806
2811,4376,364.81795410953885
2812,4377,360.96513917115914
2813,4378,360.09825581002366
2814,4382,360.38721693040213
2815,4383,362.4099447730515
2816,4385,360.09825581002366
2817,4386,362.89154664034896
2818,4388,360.4835373038616
2819,4389,358.36448908775276
2820,4391,359.13505207542875
2821,4394,357.7865668469958
2822,4395,360.96513917115914
2823,4396,359.6166539427262
2824,4401,359.5203335692667
2825,4402,363.9510707484034
2826,4403,358.6534502081313
2827,4404,358.26816871429327
2828,4406,363.75843000148444
2829,4408,360.19457618348315
2830,4409,360.09825581002366
2831,4411,359.13505207542875
2832,4412,363.85475037494393
2833,4414,359.9056150631047
2834,4415,362.2173040261325
2835,4416,359.8092946896452
2836,4420,357.9792075939148
2837,4421,357.7865668469958
2838,4424,360.38721693040213
2839,4425,360.00193543656417
2840,4426,364.0473911218629
2841,4427,364.0473911218629
2842,4429,358.7497705815908
2843,4431,364.1437114953224
2844,4432,363.85475037494393
2845,4435,361.2541002915376
2846,4436,357.7865668469958
2847,4438,359.6166539427262
2848,4439,358.55712983467174
2849,4440,358.55712983467174
2850,4441,357.8828872204553
2851,4442,359.13505207542875
2852,4444,363.75843000148444
2853,4447,360.38721693040213
2854,4448,365.01059485645783
2855,4451,357.9792075939148
2856,4453,361.1577799180781
2857,4454,360.09825581002366
2858,4455,360.38721693040213
2859,4456,359.03873170196925
2860,4457,364.62531336261986
2861,4458,359.03873170196925
2862,4459,360.38721693040213
2863,4460,357.7865668469958
2864,4461,363.46946888110597
2865,4462,361.06145954461863
2866,4463,357.8828872204553
2867,4464,357.8828872204553
2868,4465,363.3731485076465
2869,4468,361.1577799180781
2870,4469,361.83202253229456
2871,4470,360.7724984242401
2872,4472,360.4835373038616
2873,4473,360.5798576773211
2874,4474,362.4099447730515
2875,4476,363.46946888110597
2876,4477,358.36448908775276
2877,4478,360.96513917115914
2878,4482,357.7865668469958
2879,4483,357.7865668469958
2880,4485,359.7129743161857
2881,4486,360.29089655694264
2882,4487,359.13505207542875
2883,4488,359.8092946896452
2884,4489,364.0473911218629
2885,4492,363.46946888110597
2886,4493,357.7865668469958
2887,4495,362.02466327921354
2888,4496,358.26816871429327
2889,4498,361.3504206649971
2890,4499,362.2173040261325
2891,4504,359.6166539427262
2892,4506,360.19457618348315
2893,4507,360.09825581002366
2894,4509,362.98786701380845
2895,4511,362.4099447730515
2896,4513,360.6761780507806
2897,4514,357.7865668469958
2898,4516,362.02466327921354
2899,4517,362.506265146511
2900,4518,363.9510707484034
2901,4521,358.46080946121225
2902,4522,362.12098365267303
2903,4524,363.9510707484034
2904,4526,358.8460909550503
2905,4527,362.313624399592
2906,4528,362.506265146511
2907,4529,365.49219672375534
2908,4530,359.9056150631047
2909,4531,361.3504206649971
2910,4532,364.72163373607935
2911,4533,361.83202253229456
2912,4534,359.9056150631047
2913,4535,362.4099447730515
2914,4539,363.08418738726795
2915,4540,358.26816871429327
2916,4541,358.46080946121225
2917,4542,359.32769282234773
2918,4543,364.72163373607935
2919,4545,363.56578925456546
2920,4547,358.55712983467174
2921,4550,363.9510707484034
2922,4551,359.32769282234773
2923,4552,361.83202253229456
2924,4553,358.26816871429327
2925,4554,359.6166539427262
2926,4557,357.8828872204553
2927,4561,358.1718483408338
2928,4562,361.5430614119161
2929,4564,363.276828134187
2930,4565,357.9792075939148
2931,4567,361.2541002915376
2932,4569,361.1577799180781
2933,4570,363.75843000148444
2934,4573,359.03873170196925
2935,4574,361.6393817853756
2936,4575,360.6761780507806
2937,4576,360.38721693040213
2938,4577,359.8092946896452
2939,4578,360.00193543656417
2940,4579,360.38721693040213
2941,4580,358.6534502081313
2942,4581,359.13505207542875
2943,4583,359.23137244888824
2944,4584,361.06145954461863
2945,4586,358.26816871429327
2946,4587,364.3363522422414
2947,4591,363.85475037494393
2948,4592,360.4835373038616
2949,4593,360.5798576773211
2950,4594,360.29089655694264
2951,4595,360.38721693040213
2952,4596,360.7724984242401
2953,4599,360.4835373038616
2954,4602,357.8828872204553
2955,4603,358.0755279673743
2956,4606,357.7865668469958
2957,4607,358.46080946121225
2958,4608,361.6393817853756
2959,4609,361.2541002915376
2960,4610,358.7497705815908
2961,4611,357.7865668469958
2962,4612,358.55712983467174
2963,4613,358.55712983467174
2964,4614,357.8828872204553
2965,4615,357.7865668469958
2966,4616,362.02466327921354
2967,4618,360.38721693040213
2968,4619,364.81795410953885
2969,4620,359.4240131958072
2970,4621,358.8460909550503
2971,4623,363.46946888110597
2972,4625,358.6534502081313
2973,4626,358.0755279673743
2974,4627,359.03873170196925
2975,4629,357.8828872204553
2976,4630,361.06145954461863
2977,4631,357.7865668469958
2978,4632,360.00193543656417
2979,4633,357.8828872204553
2980,4634,358.7497705815908
2981,4635,361.2541002915376
2982,4636,364.91427448299834
2983,4637,357.9792075939148
2984,4638,363.46946888110597
2985,4639,361.2541002915376
2986,4640,358.55712983467174
2987,4642,359.32769282234773
2988,4645,358.6534502081313
2989,4647,358.94241132850976
2990,4648,361.83202253229456
2991,4649,361.92834290575405
2992,4650,363.56578925456546
2993,4651,363.66210962802495
2994,4652,359.23137244888824
2995,4653,362.6025855199705
2996,4654,360.5798576773211
2997,4655,359.7129743161857
2998,4657,359.9056150631047
2999,4661,359.9056150631047
3000,4664,358.26816871429327
3001,4665,358.0755279673743
3002,4667,358.1718483408338
3003,4668,360.29089655694264
3004,4670,357.7865668469958
3005,4671,362.313624399592
3006,4672,357.7865668469958
3007,4673,357.8828872204553
3008,4676,357.7865668469958
3009,4677,360.5798576773211
3010,4679,363.46946888110597
3011,4681,363.18050776072744
3012,4683,361.6393817853756
3013,4684,361.1577799180781
3014,4685,357.7865668469958
3015,4688,363.3731485076465
3016,4689,361.4467410384566
3017,4690,360.19457618348315
3018,4691,357.7865668469958
3019,4692,358.26816871429327
3020,4693,358.46080946121225
3021,4694,359.13505207542875
3022,4695,362.12098365267303
3023,4696,358.1718483408338
3024,4697,363.46946888110597
3025,4698,357.9792075939148
3026,4699,360.19457618348315
3027,4700,361.6393817853756
3028,4701,358.36448908775276
3029,4702,360.96513917115914
3030,4704,361.1577799180781
3031,4705,357.7865668469958
3032,4706,364.62531336261986
3033,4708,363.56578925456546
3034,4711,359.9056150631047
3035,4715,363.3731485076465
3036,4716,359.13505207542875
3037,4718,360.7724984242401
3038,4720,357.9792075939148
3039,4723,360.4835373038616
3040,4724,361.92834290575405
3041,4725,358.36448908775276
3042,4726,359.4240131958072
3043,4729,360.29089655694264
3044,4730,358.26816871429327
3045,4731,361.73570215883507
3046,4732,360.4835373038616
3047,4734,360.5798576773211
3048,4737,361.92834290575405
3049,4739,357.7865668469958
3050,4741,357.8828872204553
3051,4743,359.9056150631047
3052,4745,360.29089655694264
3053,4746,362.12098365267303
3054,4747,359.4240131958072
3055,4748,360.86881879769965
3056,4749,358.1718483408338
3057,4750,360.4835373038616
3058,4752,361.2541002915376
3059,4753,359.6166539427262
3060,4754,359.32769282234773
3061,4755,362.506265146511
3062,4756,358.8460909550503
3063,4757,360.96513917115914
3064,4758,357.8828872204553
3065,4759,360.19457618348315
3066,4761,363.9510707484034
3067,4762,357.7865668469958
3068,4763,362.2173040261325
3069,4764,358.8460909550503
3070,4765,359.13505207542875
3071,4767,361.92834290575405
3072,4768,358.7497705815908
3073,4769,363.66210962802495
3074,4770,361.2541002915376
3075,4771,360.5798576773211
3076,4772,359.13505207542875
3077,4773,362.506265146511
3078,4775,359.9056150631047
3079,4778,365.49219672375534
3080,4779,358.46080946121225
3081,4780,364.62531336261986
3082,4782,362.69890589343
3083,4783,358.26816871429327
3084,4784,360.38721693040213
3085,4785,357.8828872204553
3086,4786,358.55712983467174
3087,4787,357.7865668469958
3088,4788,358.55712983467174
3089,4790,358.6534502081313
3090,4791,359.4240131958072
3091,4794,358.0755279673743
3092,4796,360.6761780507806
3093,4797,360.4835373038616
3094,4801,360.96513917115914
3095,4802,362.313624399592
3096,4803,357.7865668469958
3097,4804,360.4835373038616
3098,4805,361.5430614119161
3099,4807,363.3731485076465
3100,4808,360.6761780507806
3101,4809,357.7865668469958
3102,4812,359.7129743161857
3103,4815,359.23137244888824
3104,4817,360.09825581002366
3105,4819,358.8460909550503
3106,4820,357.8828872204553
3107,4821,359.9056150631047
3108,4822,358.6534502081313
3109,4823,358.55712983467174
3110,4824,360.4835373038616
3111,4826,357.8828872204553
3112,4827,357.7865668469958
3113,4829,358.1718483408338
3114,4830,364.3363522422414
3115,4832,358.8460909550503
3116,4833,357.7865668469958
3117,4834,357.7865668469958
3118,4835,360.29089655694264
3119,4836,363.75843000148444
3120,4838,358.6534502081313
3121,4839,358.55712983467174
3122,4840,358.46080946121225
3123,4841,360.29089655694264
3124,4843,360.86881879769965
3125,4844,360.29089655694264
3126,4845,357.7865668469958
3127,4847,361.06145954461863
3128,4849,360.19457618348315
3129,4850,359.03873170196925
3130,4851,362.2173040261325
3131,4853,361.1577799180781
3132,4856,358.94241132850976
3133,4857,357.9792075939148
3134,4858,358.26816871429327
3135,4859,361.06145954461863
3136,4860,361.06145954461863
3137,4861,363.08418738726795
3138,4864,360.5798576773211
3139,4867,357.8828872204553
3140,4868,361.83202253229456
3141,4869,357.7865668469958
3142,4870,365.3958763502958
3143,4871,359.7129743161857
3144,4872,361.1577799180781
3145,4874,357.7865668469958
3146,4876,359.03873170196925
3147,4877,357.7865668469958
3148,4878,357.7865668469958
3149,4879,361.83202253229456
3150,4880,358.0755279673743
3151,4881,360.96513917115914
3152,4885,361.3504206649971
3153,4886,359.4240131958072
3154,4887,359.9056150631047
3155,4888,359.7129743161857
3156,4889,364.3363522422414
3157,4890,360.7724984242401
3158,4891,360.19457618348315
3159,4892,360.19457618348315
3160,4894,360.6761780507806
3161,4895,360.86881879769965
3162,4896,361.4467410384566
3163,4897,358.36448908775276
3164,4899,358.6534502081313
3165,4900,358.55712983467174
3166,4901,361.5430614119161
3167,4903,359.9056150631047
3168,4904,359.4240131958072
3169,4905,360.09825581002366
3170,4906,357.7865668469958
3171,4907,361.06145954461863
3172,4908,358.55712983467174
3173,4909,361.2541002915376
3174,4910,357.7865668469958
3175,4912,365.58851709721483
3176,4914,358.26816871429327
3177,4915,357.7865668469958
3178,4916,357.8828872204553
3179,4917,361.92834290575405
3180,4918,360.5798576773211
3181,4919,360.19457618348315
3182,4920,359.13505207542875
3183,4922,360.96513917115914
3184,4923,358.6534502081313
3185,4924,360.19457618348315
3186,4925,360.09825581002366
3187,4927,357.9792075939148
3188,4928,359.9056150631047
3189,4929,360.09825581002366
3190,4930,360.29089655694264
3191,4931,358.0755279673743
3192,4932,360.00193543656417
3193,4933,357.9792075939148
3194,4934,361.5430614119161
3195,4937,359.7129743161857
3196,4940,358.0755279673743
3197,4942,360.38721693040213
3198,4943,361.83202253229456
3199,4944,365.49219672375534
3200,4945,358.36448908775276
3201,4946,360.4835373038616
3202,4947,359.9056150631047
3203,4948,358.55712983467174
3204,4949,359.8092946896452
3205,4950,362.313624399592
3206,4954,358.7497705815908
3207,4958,357.9792075939148
3208,4959,360.96513917115914
3209,4960,361.1577799180781
3210,4961,360.96513917115914
3211,4962,361.5430614119161
3212,4963,358.55712983467174
3213,4964,361.1577799180781
3214,4967,357.7865668469958
3215,4968,360.29089655694264
3216,4969,360.86881879769965
3217,4971,361.83202253229456
3218,4972,357.7865668469958
3219,4974,365.3958763502958
3220,4976,361.3504206649971
3221,4977,363.66210962802495
3222,4980,358.8460909550503
3223,4981,358.55712983467174
3224,4982,358.6534502081313
3225,4983,360.00193543656417
3226,4984,360.6761780507806
3227,4986,362.2173040261325
3228,4987,358.36448908775276
3229,4988,357.7865668469958
3230,4990,362.02466327921354
3231,4991,360.00193543656417
3232,4992,358.1718483408338
3233,4993,363.56578925456546
3234,4995,362.6025855199705
3235,4996,360.86881879769965
3236,4997,363.56578925456546
3237,4999,362.02466327921354
3238,5000,359.8092946896452
3239,5001,357.7865668469958
3240,5002,360.00193543656417
3241,5003,360.86881879769965
3242,5004,360.19457618348315
3243,5005,358.0755279673743
3244,5007,361.1577799180781
3245,5009,360.09825581002366
3246,5010,358.7497705815908
3247,5011,360.19457618348315
3248,5012,359.7129743161857
3249,5013,357.7865668469958
3250,5015,361.2541002915376
3251,5016,359.7129743161857
3252,5021,358.46080946121225
3253,5023,357.7865668469958
3254,5025,357.8828872204553
3255,5027,364.72163373607935
3256,5028,357.7865668469958
3257,5029,364.5289929891604
3258,5030,357.7865668469958
3259,5032,360.09825581002366
3260,5033,359.13505207542875
3261,5034,357.7865668469958
3262,5035,361.92834290575405
3263,5036,358.1718483408338
3264,5037,361.73570215883507
3265,5038,363.08418738726795
3266,5039,360.29089655694264
3267,5040,361.1577799180781
3268,5041,361.4467410384566
3269,5042,361.73570215883507
3270,5043,364.72163373607935
3271,5044,360.38721693040213
3272,5045,363.66210962802495
3273,5048,358.0755279673743
3274,5049,363.3731485076465
3275,5050,364.62531336261986
3276,5052,357.7865668469958
3277,5055,360.00193543656417
3278,5057,362.4099447730515
3279,5058,361.73570215883507
3280,5059,360.4835373038616
3281,5060,359.8092946896452
3282,5061,364.3363522422414
3283,5062,359.6166539427262
3284,5065,363.56578925456546
3285,5066,360.00193543656417
3286,5067,359.32769282234773
3287,5068,360.00193543656417
3288,5069,364.2400318687819
3289,5070,360.38721693040213
3290,5072,357.9792075939148
3291,5076,359.9056150631047
3292,5077,359.32769282234773
3293,5079,357.8828872204553
3294,5080,359.8092946896452
3295,5082,361.83202253229456
3296,5084,360.96513917115914
3297,5086,362.4099447730515
3298,5087,363.66210962802495
3299,5088,362.4099447730515
3300,5089,362.6025855199705
3301,5093,358.0755279673743
3302,5095,360.86881879769965
3303,5096,357.8828872204553
3304,5097,363.66210962802495
3305,5098,358.94241132850976
3306,5099,358.8460909550503
3307,5100,359.32769282234773
3308,5102,363.46946888110597
3309,5105,357.8828872204553
3310,5106,358.0755279673743
3311,5108,357.7865668469958
3312,5109,361.92834290575405
3313,5111,358.0755279673743
3314,5112,359.4240131958072
3315,5113,361.1577799180781
3316,5115,359.6166539427262
3317,5119,361.3504206649971
3318,5120,359.32769282234773
3319,5122,359.9056150631047
3320,5123,361.3504206649971
3321,5125,360.96513917115914
3322,5129,361.2541002915376
3323,5130,360.86881879769965
3324,5133,360.29089655694264
3325,5134,361.3504206649971
3326,5135,358.6534502081313
3327,5136,360.00193543656417
3328,5138,360.6761780507806
3329,5139,361.3504206649971
3330,5141,360.19457618348315
3331,5144,357.9792075939148
3332,5145,360.96513917115914
3333,5147,359.7129743161857
3334,5149,358.0755279673743
3335,5150,359.8092946896452
3336,5151,360.4835373038616
3337,5152,364.91427448299834
3338,5153,358.46080946121225
3339,5154,360.09825581002366
3340,5156,361.3504206649971
3341,5157,358.1718483408338
3342,5159,361.73570215883507
3343,5160,363.46946888110597
3344,5161,359.03873170196925
3345,5162,362.506265146511
3346,5163,360.29089655694264
3347,5164,358.94241132850976
3348,5165,361.06145954461863
3349,5168,361.6393817853756
3350,5169,361.1577799180781
3351,5172,360.00193543656417
3352,5175,359.9056150631047
3353,5178,357.8828872204553
3354,5180,358.46080946121225
3355,5181,360.4835373038616
3356,5182,357.7865668469958
3357,5183,362.4099447730515
3358,5184,357.7865668469958
3359,5186,360.29089655694264
3360,5187,357.7865668469958
3361,5188,359.4240131958072
3362,5189,360.4835373038616
3363,5191,357.8828872204553
3364,5194,361.83202253229456
3365,5195,360.29089655694264
3366,5196,357.7865668469958
3367,5197,357.8828872204553
3368,5199,357.7865668469958
3369,5200,361.6393817853756
